2026-08-06T16:41:01.850675Z  INFO herdr::logging: herdr starting event="app.startup" subsystem="client" outcome="started" pid=55604
2026-08-06T16:41:01.850735Z  INFO herdr::client: connecting to server path=/Users/macos/.config/herdr/herdr-client.sock
2026-08-06T16:41:02.091601Z  INFO herdr::client: handshake succeeded version=19 encoding=SemanticFrame
2026-08-06T16:41:33.438419Z  WARN herdr::raw_input: flushing lone escape after input timeout; if this follows an alt chord or focus switch it may reach the pane as plain esc bytes=[27]
2026-08-06T16:41:33.439469Z  WARN herdr::raw_input: flushing lone escape after input timeout; if this follows an alt chord or focus switch it may reach the pane as plain esc bytes=[27]
2026-08-06T16:41:47.410839Z  WARN herdr::raw_input: flushing lone escape after input timeout; if this follows an alt chord or focus switch it may reach the pane as plain esc bytes=[27]
2026-08-06T16:41:47.411830Z  WARN herdr::raw_input: flushing lone escape after input timeout; if this follows an alt chord or focus switch it may reach the pane as plain esc bytes=[27]
2026-08-06T16:42:11.360271Z  WARN herdr::raw_input: flushing lone escape after input timeout; if this follows an alt chord or focus switch it may reach the pane as plain esc bytes=[27]
2026-08-06T16:42:11.361356Z  WARN herdr::raw_input: flushing lone escape after input timeout; if this follows an alt chord or focus switch it may reach the pane as plain esc bytes=[27]
2026-08-06T16:42:11.516165Z  WARN herdr::raw_input: flushing lone escape after input timeout; if this follows an alt chord or focus switch it may reach the pane as plain esc bytes=[27]
2026-08-06T16:42:11.516349Z  WARN herdr::raw_input: flushing lone escape after input timeout; if this follows an alt chord or focus switch it may reach the pane as plain esc bytes=[27]
2026-08-06T16:42:13.490800Z  INFO herdr::logging: herdr exiting event="app.shutdown" subsystem="client" outcome="completed" pid=55604
2026-08-06T16:44:01.429716Z  INFO herdr::logging: herdr starting event="app.startup" subsystem="client" outcome="started" pid=56431
2026-08-06T16:44:01.429939Z  INFO herdr::client: connecting to server path=/Users/macos/.config/herdr/herdr-client.sock
2026-08-06T16:44:01.581429Z  INFO herdr::client: handshake succeeded version=19 encoding=SemanticFrame
2026-08-06T16:44:35.782771Z  WARN herdr::raw_input: flushing lone escape after input timeout; if this follows an alt chord or focus switch it may reach the pane as plain esc bytes=[27]
2026-08-06T16:44:35.783220Z  WARN herdr::raw_input: flushing lone escape after input timeout; if this follows an alt chord or focus switch it may reach the pane as plain esc bytes=[27]
2026-08-06T16:44:44.479780Z  WARN herdr::raw_input: flushing lone escape after input timeout; if this follows an alt chord or focus switch it may reach the pane as plain esc bytes=[27]
2026-08-06T16:44:44.480033Z  WARN herdr::raw_input: flushing lone escape after input timeout; if this follows an alt chord or focus switch it may reach the pane as plain esc bytes=[27]
2026-08-06T16:45:05.554048Z  WARN herdr::raw_input: flushing lone escape after input timeout; if this follows an alt chord or focus switch it may reach the pane as plain esc bytes=[27]
2026-08-06T16:45:05.555290Z  WARN herdr::raw_input: flushing lone escape after input timeout; if this follows an alt chord or focus switch it may reach the pane as plain esc bytes=[27]
2026-08-06T16:45:05.985394Z  WARN herdr::raw_input: flushing lone escape after input timeout; if this follows an alt chord or focus switch it may reach the pane as plain esc bytes=[27]
2026-08-06T16:45:05.985560Z  WARN herdr::raw_input: flushing lone escape after input timeout; if this follows an alt chord or focus switch it may reach the pane as plain esc bytes=[27]
2026-08-06T16:45:06.899435Z  WARN herdr::raw_input: flushing lone escape after input timeout; if this follows an alt chord or focus switch it may reach the pane as plain esc bytes=[27]
2026-08-06T16:45:06.899671Z  WARN herdr::raw_input: flushing lone escape after input timeout; if this follows an alt chord or focus switch it may reach the pane as plain esc bytes=[27]
2026-08-06T16:54:11.671035Z  WARN herdr::raw_input: flushing lone escape after input timeout; if this follows an alt chord or focus switch it may reach the pane as plain esc bytes=[27]
2026-08-06T16:54:11.672446Z  WARN herdr::raw_input: flushing lone escape after input timeout; if this follows an alt chord or focus switch it may reach the pane as plain esc bytes=[27]
2026-08-06T16:54:27.202722Z  WARN herdr::raw_input: flushing lone escape after input timeout; if this follows an alt chord or focus switch it may reach the pane as plain esc bytes=[27]
2026-08-06T16:54:27.203786Z  WARN herdr::raw_input: flushing lone escape after input timeout; if this follows an alt chord or focus switch it may reach the pane as plain esc bytes=[27]
2026-08-06T17:09:33.593385Z  WARN herdr::raw_input: flushing lone escape after input timeout; if this follows an alt chord or focus switch it may reach the pane as plain esc bytes=[27]
2026-08-06T17:09:33.594658Z  WARN herdr::raw_input: flushing lone escape after input timeout; if this follows an alt chord or focus switch it may reach the pane as plain esc bytes=[27]
2026-08-06T17:10:32.059036Z  WARN herdr::raw_input: flushing lone escape after input timeout; if this follows an alt chord or focus switch it may reach the pane as plain esc bytes=[27]
2026-08-06T17:10:32.060543Z  WARN herdr::raw_input: flushing lone escape after input timeout; if this follows an alt chord or focus switch it may reach the pane as plain esc bytes=[27]
2026-08-06T17:16:25.512015Z  INFO herdr::logging: herdr exiting event="app.shutdown" subsystem="client" outcome="completed" pid=56431
2026-08-06T17:16:34.010246Z  INFO herdr::logging: herdr starting event="app.startup" subsystem="client" outcome="started" pid=62164
2026-08-06T17:16:34.010447Z  INFO herdr::client: connecting to server path=/Users/macos/.config/herdr/herdr-client.sock
2026-08-06T17:16:34.164975Z  INFO herdr::client: handshake succeeded version=19 encoding=SemanticFrame
2026-08-06T17:22:27.432834Z  WARN herdr::raw_input: flushing lone escape after input timeout; if this follows an alt chord or focus switch it may reach the pane as plain esc bytes=[27]
2026-08-06T17:22:27.434583Z  WARN herdr::raw_input: flushing lone escape after input timeout; if this follows an alt chord or focus switch it may reach the pane as plain esc bytes=[27]
2026-08-06T17:29:00.441646Z  WARN herdr::raw_input: flushing lone escape after input timeout; if this follows an alt chord or focus switch it may reach the pane as plain esc bytes=[27]
2026-08-06T17:29:00.442985Z  WARN herdr::raw_input: flushing lone escape after input timeout; if this follows an alt chord or focus switch it may reach the pane as plain esc bytes=[27]
2026-08-06T17:29:57.781832Z  WARN herdr::raw_input: flushing lone escape after input timeout; if this follows an alt chord or focus switch it may reach the pane as plain esc bytes=[27]
2026-08-06T17:29:57.782758Z  WARN herdr::raw_input: flushing lone escape after input timeout; if this follows an alt chord or focus switch it may reach the pane as plain esc bytes=[27]
2026-08-06T17:29:58.158562Z  WARN herdr::raw_input: flushing lone escape after input timeout; if this follows an alt chord or focus switch it may reach the pane as plain esc bytes=[27]
2026-08-06T17:29:58.158853Z  WARN herdr::raw_input: flushing lone escape after input timeout; if this follows an alt chord or focus switch it may reach the pane as plain esc bytes=[27]
2026-08-06T17:30:22.785647Z  WARN herdr::raw_input: flushing lone escape after input timeout; if this follows an alt chord or focus switch it may reach the pane as plain esc bytes=[27]
2026-08-06T17:30:22.786671Z  WARN herdr::raw_input: flushing lone escape after input timeout; if this follows an alt chord or focus switch it may reach the pane as plain esc bytes=[27]
2026-08-06T17:30:53.989487Z  WARN herdr::raw_input: flushing lone escape after input timeout; if this follows an alt chord or focus switch it may reach the pane as plain esc bytes=[27]
2026-08-06T17:30:53.990031Z  WARN herdr::raw_input: flushing lone escape after input timeout; if this follows an alt chord or focus switch it may reach the pane as plain esc bytes=[27]
2026-08-06T17:31:07.776154Z  WARN herdr::raw_input: flushing lone escape after input timeout; if this follows an alt chord or focus switch it may reach the pane as plain esc bytes=[27]
2026-08-06T17:31:07.776929Z  WARN herdr::raw_input: flushing lone escape after input timeout; if this follows an alt chord or focus switch it may reach the pane as plain esc bytes=[27]
2026-08-06T17:32:01.523241Z  WARN herdr::raw_input: flushing lone escape after input timeout; if this follows an alt chord or focus switch it may reach the pane as plain esc bytes=[27]
2026-08-06T17:32:01.524921Z  WARN herdr::raw_input: flushing lone escape after input timeout; if this follows an alt chord or focus switch it may reach the pane as plain esc bytes=[27]
2026-08-06T17:32:17.867544Z  WARN herdr::raw_input: flushing lone escape after input timeout; if this follows an alt chord or focus switch it may reach the pane as plain esc bytes=[27]
2026-08-06T17:32:17.868397Z  WARN herdr::raw_input: flushing lone escape after input timeout; if this follows an alt chord or focus switch it may reach the pane as plain esc bytes=[27]
2026-08-06T17:32:29.493432Z  WARN herdr::raw_input: flushing lone escape after input timeout; if this follows an alt chord or focus switch it may reach the pane as plain esc bytes=[27]
2026-08-06T17:32:29.494759Z  WARN herdr::raw_input: flushing lone escape after input timeout; if this follows an alt chord or focus switch it may reach the pane as plain esc bytes=[27]
2026-08-06T17:33:54.016209Z  WARN herdr::raw_input: flushing lone escape after input timeout; if this follows an alt chord or focus switch it may reach the pane as plain esc bytes=[27]
2026-08-06T17:33:54.017709Z  WARN herdr::raw_input: flushing lone escape after input timeout; if this follows an alt chord or focus switch it may reach the pane as plain esc bytes=[27]
2026-08-06T17:37:32.906102Z  WARN herdr::raw_input: flushing lone escape after input timeout; if this follows an alt chord or focus switch it may reach the pane as plain esc bytes=[27]
2026-08-06T17:37:32.907735Z  WARN herdr::raw_input: flushing lone escape after input timeout; if this follows an alt chord or focus switch it may reach the pane as plain esc bytes=[27]
2026-08-06T17:37:40.104580Z  WARN herdr::raw_input: flushing lone escape after input timeout; if this follows an alt chord or focus switch it may reach the pane as plain esc bytes=[27]
2026-08-06T17:37:40.105792Z  WARN herdr::raw_input: flushing lone escape after input timeout; if this follows an alt chord or focus switch it may reach the pane as plain esc bytes=[27]
2026-08-06T17:40:42.831776Z  WARN herdr::raw_input: flushing lone escape after input timeout; if this follows an alt chord or focus switch it may reach the pane as plain esc bytes=[27]
2026-08-06T17:40:42.833586Z  WARN herdr::raw_input: flushing lone escape after input timeout; if this follows an alt chord or focus switch it may reach the pane as plain esc bytes=[27]
2026-08-06T17:47:27.484386Z  WARN herdr::raw_input: flushing lone escape after input timeout; if this follows an alt chord or focus switch it may reach the pane as plain esc bytes=[27]
2026-08-06T17:47:27.485923Z  WARN herdr::raw_input: flushing lone escape after input timeout; if this follows an alt chord or focus switch it may reach the pane as plain esc bytes=[27]
2026-08-06T17:47:54.084058Z  WARN herdr::raw_input: flushing lone escape after input timeout; if this follows an alt chord or focus switch it may reach the pane as plain esc bytes=[27]
2026-08-06T17:47:54.085323Z  WARN herdr::raw_input: flushing lone escape after input timeout; if this follows an alt chord or focus switch it may reach the pane as plain esc bytes=[27]
2026-08-06T17:51:59.530553Z  WARN herdr::raw_input: flushing lone escape after input timeout; if this follows an alt chord or focus switch it may reach the pane as plain esc bytes=[27]
2026-08-06T17:51:59.532200Z  WARN herdr::raw_input: flushing lone escape after input timeout; if this follows an alt chord or focus switch it may reach the pane as plain esc bytes=[27]
2026-08-06T17:51:59.937496Z  WARN herdr::raw_input: flushing lone escape after input timeout; if this follows an alt chord or focus switch it may reach the pane as plain esc bytes=[27]
2026-08-06T17:51:59.937707Z  WARN herdr::raw_input: flushing lone escape after input timeout; if this follows an alt chord or focus switch it may reach the pane as plain esc bytes=[27]
2026-08-06T17:52:03.575332Z  WARN herdr::raw_input: flushing lone escape after input timeout; if this follows an alt chord or focus switch it may reach the pane as plain esc bytes=[27]
2026-08-06T17:52:03.575569Z  WARN herdr::raw_input: flushing lone escape after input timeout; if this follows an alt chord or focus switch it may reach the pane as plain esc bytes=[27]
2026-08-06T17:52:11.390020Z  WARN herdr::raw_input: flushing lone escape after input timeout; if this follows an alt chord or focus switch it may reach the pane as plain esc bytes=[27]
2026-08-06T17:52:11.391343Z  WARN herdr::raw_input: flushing lone escape after input timeout; if this follows an alt chord or focus switch it may reach the pane as plain esc bytes=[27]
2026-08-06T17:53:08.810690Z  WARN herdr::raw_input: flushing lone escape after input timeout; if this follows an alt chord or focus switch it may reach the pane as plain esc bytes=[27]
2026-08-06T17:53:08.811879Z  WARN herdr::raw_input: flushing lone escape after input timeout; if this follows an alt chord or focus switch it may reach the pane as plain esc bytes=[27]
2026-08-06T17:53:09.650895Z  WARN herdr::raw_input: flushing lone escape after input timeout; if this follows an alt chord or focus switch it may reach the pane as plain esc bytes=[27]
2026-08-06T17:53:09.651103Z  WARN herdr::raw_input: flushing lone escape after input timeout; if this follows an alt chord or focus switch it may reach the pane as plain esc bytes=[27]
2026-08-06T17:53:21.995753Z  WARN herdr::raw_input: flushing lone escape after input timeout; if this follows an alt chord or focus switch it may reach the pane as plain esc bytes=[27]
2026-08-06T17:53:21.996795Z  WARN herdr::raw_input: flushing lone escape after input timeout; if this follows an alt chord or focus switch it may reach the pane as plain esc bytes=[27]
2026-08-07T01:56:50.239400Z  WARN herdr::raw_input: flushing lone escape after input timeout; if this follows an alt chord or focus switch it may reach the pane as plain esc bytes=[27]
2026-08-07T01:56:50.240539Z  WARN herdr::raw_input: flushing lone escape after input timeout; if this follows an alt chord or focus switch it may reach the pane as plain esc bytes=[27]
2026-08-07T01:57:16.011863Z  WARN herdr::raw_input: flushing lone escape after input timeout; if this follows an alt chord or focus switch it may reach the pane as plain esc bytes=[27]
2026-08-07T01:57:16.012071Z  WARN herdr::raw_input: flushing lone escape after input timeout; if this follows an alt chord or focus switch it may reach the pane as plain esc bytes=[27]
2026-08-07T01:57:32.571328Z  WARN herdr::raw_input: flushing lone escape after input timeout; if this follows an alt chord or focus switch it may reach the pane as plain esc bytes=[27]
2026-08-07T01:57:32.571514Z  WARN herdr::raw_input: flushing lone escape after input timeout; if this follows an alt chord or focus switch it may reach the pane as plain esc bytes=[27]
2026-08-07T01:57:52.338657Z  WARN herdr::raw_input: flushing lone escape after input timeout; if this follows an alt chord or focus switch it may reach the pane as plain esc bytes=[27]
2026-08-07T01:57:52.338998Z  WARN herdr::raw_input: flushing lone escape after input timeout; if this follows an alt chord or focus switch it may reach the pane as plain esc bytes=[27]
2026-08-07T03:10:59.225178Z  WARN herdr::raw_input: flushing lone escape after input timeout; if this follows an alt chord or focus switch it may reach the pane as plain esc bytes=[27]
2026-08-07T03:10:59.226501Z  WARN herdr::raw_input: flushing lone escape after input timeout; if this follows an alt chord or focus switch it may reach the pane as plain esc bytes=[27]
2026-08-07T03:13:37.792256Z  WARN herdr::raw_input: flushing lone escape after input timeout; if this follows an alt chord or focus switch it may reach the pane as plain esc bytes=[27]
2026-08-07T03:13:37.793572Z  WARN herdr::raw_input: flushing lone escape after input timeout; if this follows an alt chord or focus switch it may reach the pane as plain esc bytes=[27]
2026-08-07T03:19:21.139734Z  WARN herdr::raw_input: flushing lone escape after input timeout; if this follows an alt chord or focus switch it may reach the pane as plain esc bytes=[27]
2026-08-07T03:19:21.140753Z  WARN herdr::raw_input: flushing lone escape after input timeout; if this follows an alt chord or focus switch it may reach the pane as plain esc bytes=[27]
2026-08-07T03:19:34.983443Z  WARN herdr::raw_input: flushing lone escape after input timeout; if this follows an alt chord or focus switch it may reach the pane as plain esc bytes=[27]
2026-08-07T03:19:34.983644Z  WARN herdr::raw_input: flushing lone escape after input timeout; if this follows an alt chord or focus switch it may reach the pane as plain esc bytes=[27]
2026-08-07T03:19:37.818331Z  WARN herdr::raw_input: flushing lone escape after input timeout; if this follows an alt chord or focus switch it may reach the pane as plain esc bytes=[27]
2026-08-07T03:19:37.818573Z  WARN herdr::raw_input: flushing lone escape after input timeout; if this follows an alt chord or focus switch it may reach the pane as plain esc bytes=[27]
2026-08-07T03:19:42.423374Z  WARN herdr::raw_input: flushing lone escape after input timeout; if this follows an alt chord or focus switch it may reach the pane as plain esc bytes=[27]
2026-08-07T03:19:42.423649Z  WARN herdr::raw_input: flushing lone escape after input timeout; if this follows an alt chord or focus switch it may reach the pane as plain esc bytes=[27]
2026-08-07T03:20:35.941290Z  WARN herdr::raw_input: flushing lone escape after input timeout; if this follows an alt chord or focus switch it may reach the pane as plain esc bytes=[27]
2026-08-07T03:20:35.942332Z  WARN herdr::raw_input: flushing lone escape after input timeout; if this follows an alt chord or focus switch it may reach the pane as plain esc bytes=[27]
2026-08-07T03:21:01.245019Z  WARN herdr::raw_input: flushing lone escape after input timeout; if this follows an alt chord or focus switch it may reach the pane as plain esc bytes=[27]
2026-08-07T03:21:01.246307Z  WARN herdr::raw_input: flushing lone escape after input timeout; if this follows an alt chord or focus switch it may reach the pane as plain esc bytes=[27]
2026-08-07T03:47:24.663709Z  WARN herdr::raw_input: flushing lone escape after input timeout; if this follows an alt chord or focus switch it may reach the pane as plain esc bytes=[27]
2026-08-07T03:47:24.665067Z  WARN herdr::raw_input: flushing lone escape after input timeout; if this follows an alt chord or focus switch it may reach the pane as plain esc bytes=[27]
2026-08-07T03:47:29.685980Z  WARN herdr::raw_input: flushing lone escape after input timeout; if this follows an alt chord or focus switch it may reach the pane as plain esc bytes=[27]
2026-08-07T03:47:29.686249Z  WARN herdr::raw_input: flushing lone escape after input timeout; if this follows an alt chord or focus switch it may reach the pane as plain esc bytes=[27]
2026-08-07T04:12:37.693281Z  WARN herdr::raw_input: flushing lone escape after input timeout; if this follows an alt chord or focus switch it may reach the pane as plain esc bytes=[27]
2026-08-07T04:12:37.695082Z  WARN herdr::raw_input: flushing lone escape after input timeout; if this follows an alt chord or focus switch it may reach the pane as plain esc bytes=[27]
2026-08-07T04:17:44.656782Z  WARN herdr::raw_input: flushing lone escape after input timeout; if this follows an alt chord or focus switch it may reach the pane as plain esc bytes=[27]
2026-08-07T04:17:44.658625Z  WARN herdr::raw_input: flushing lone escape after input timeout; if this follows an alt chord or focus switch it may reach the pane as plain esc bytes=[27]
2026-08-07T07:26:56.345344Z  WARN herdr::raw_input: flushing lone escape after input timeout; if this follows an alt chord or focus switch it may reach the pane as plain esc bytes=[27]
2026-08-07T07:26:56.346769Z  WARN herdr::raw_input: flushing lone escape after input timeout; if this follows an alt chord or focus switch it may reach the pane as plain esc bytes=[27]
2026-08-07T07:26:56.943768Z  WARN herdr::raw_input: flushing lone escape after input timeout; if this follows an alt chord or focus switch it may reach the pane as plain esc bytes=[27]
2026-08-07T07:26:56.944085Z  WARN herdr::raw_input: flushing lone escape after input timeout; if this follows an alt chord or focus switch it may reach the pane as plain esc bytes=[27]
2026-08-07T07:28:28.104484Z  WARN herdr::raw_input: flushing lone escape after input timeout; if this follows an alt chord or focus switch it may reach the pane as plain esc bytes=[27]
2026-08-07T07:28:28.105830Z  WARN herdr::raw_input: flushing lone escape after input timeout; if this follows an alt chord or focus switch it may reach the pane as plain esc bytes=[27]
2026-08-07T07:55:22.421020Z  WARN herdr::raw_input: flushing lone escape after input timeout; if this follows an alt chord or focus switch it may reach the pane as plain esc bytes=[27]
2026-08-07T07:55:22.422472Z  WARN herdr::raw_input: flushing lone escape after input timeout; if this follows an alt chord or focus switch it may reach the pane as plain esc bytes=[27]
2026-08-07T07:56:06.748437Z  WARN herdr::raw_input: flushing lone escape after input timeout; if this follows an alt chord or focus switch it may reach the pane as plain esc bytes=[27]
2026-08-07T07:56:06.750230Z  WARN herdr::raw_input: flushing lone escape after input timeout; if this follows an alt chord or focus switch it may reach the pane as plain esc bytes=[27]
2026-08-07T07:58:10.013552Z  WARN herdr::raw_input: flushing lone escape after input timeout; if this follows an alt chord or focus switch it may reach the pane as plain esc bytes=[27]
2026-08-07T07:58:10.014129Z  WARN herdr::raw_input: flushing lone escape after input timeout; if this follows an alt chord or focus switch it may reach the pane as plain esc bytes=[27]
2026-08-07T07:58:34.402374Z  WARN herdr::raw_input: flushing lone escape after input timeout; if this follows an alt chord or focus switch it may reach the pane as plain esc bytes=[27]
2026-08-07T07:58:34.403395Z  WARN herdr::raw_input: flushing lone escape after input timeout; if this follows an alt chord or focus switch it may reach the pane as plain esc bytes=[27]
2026-08-07T08:02:09.005078Z  WARN herdr::raw_input: flushing lone escape after input timeout; if this follows an alt chord or focus switch it may reach the pane as plain esc bytes=[27]
2026-08-07T08:02:09.006424Z  WARN herdr::raw_input: flushing lone escape after input timeout; if this follows an alt chord or focus switch it may reach the pane as plain esc bytes=[27]
2026-08-07T08:16:30.593464Z  WARN herdr::raw_input: flushing lone escape after input timeout; if this follows an alt chord or focus switch it may reach the pane as plain esc bytes=[27]
2026-08-07T08:16:30.595409Z  WARN herdr::raw_input: flushing lone escape after input timeout; if this follows an alt chord or focus switch it may reach the pane as plain esc bytes=[27]
2026-08-09T02:15:44.735452Z  WARN herdr::raw_input: flushing lone escape after input timeout; if this follows an alt chord or focus switch it may reach the pane as plain esc bytes=[27]
2026-08-09T02:15:44.736332Z  WARN herdr::raw_input: flushing lone escape after input timeout; if this follows an alt chord or focus switch it may reach the pane as plain esc bytes=[27]
2026-08-09T02:57:51.856844Z  WARN herdr::raw_input: flushing lone escape after input timeout; if this follows an alt chord or focus switch it may reach the pane as plain esc bytes=[27]
2026-08-09T02:57:51.858124Z  WARN herdr::raw_input: flushing lone escape after input timeout; if this follows an alt chord or focus switch it may reach the pane as plain esc bytes=[27]
2026-08-09T02:57:59.604194Z  WARN herdr::raw_input: flushing lone escape after input timeout; if this follows an alt chord or focus switch it may reach the pane as plain esc bytes=[27]
2026-08-09T02:57:59.604429Z  WARN herdr::raw_input: flushing lone escape after input timeout; if this follows an alt chord or focus switch it may reach the pane as plain esc bytes=[27]
2026-08-09T02:58:07.406307Z  WARN herdr::raw_input: flushing lone escape after input timeout; if this follows an alt chord or focus switch it may reach the pane as plain esc bytes=[27]
2026-08-09T02:58:07.406477Z  WARN herdr::raw_input: flushing lone escape after input timeout; if this follows an alt chord or focus switch it may reach the pane as plain esc bytes=[27]
2026-08-09T02:58:24.914374Z  WARN herdr::raw_input: flushing lone escape after input timeout; if this follows an alt chord or focus switch it may reach the pane as plain esc bytes=[27]
2026-08-09T02:58:24.914645Z  WARN herdr::raw_input: flushing lone escape after input timeout; if this follows an alt chord or focus switch it may reach the pane as plain esc bytes=[27]
2026-08-09T02:58:25.543600Z  WARN herdr::raw_input: flushing lone escape after input timeout; if this follows an alt chord or focus switch it may reach the pane as plain esc bytes=[27]
2026-08-09T02:58:25.543725Z  WARN herdr::raw_input: flushing lone escape after input timeout; if this follows an alt chord or focus switch it may reach the pane as plain esc bytes=[27]
2026-08-09T02:58:27.002789Z  WARN herdr::raw_input: flushing lone escape after input timeout; if this follows an alt chord or focus switch it may reach the pane as plain esc bytes=[27]
2026-08-09T02:58:27.003078Z  WARN herdr::raw_input: flushing lone escape after input timeout; if this follows an alt chord or focus switch it may reach the pane as plain esc bytes=[27]
2026-08-09T03:00:53.706890Z  WARN herdr::raw_input: flushing lone escape after input timeout; if this follows an alt chord or focus switch it may reach the pane as plain esc bytes=[27]
2026-08-09T03:00:53.707126Z  WARN herdr::raw_input: flushing lone escape after input timeout; if this follows an alt chord or focus switch it may reach the pane as plain esc bytes=[27]
2026-08-09T03:01:24.109646Z  WARN herdr::raw_input: flushing lone escape after input timeout; if this follows an alt chord or focus switch it may reach the pane as plain esc bytes=[27]
2026-08-09T03:01:24.109879Z  WARN herdr::raw_input: flushing lone escape after input timeout; if this follows an alt chord or focus switch it may reach the pane as plain esc bytes=[27]
2026-08-09T05:22:31.061156Z  WARN herdr::raw_input: flushing lone escape after input timeout; if this follows an alt chord or focus switch it may reach the pane as plain esc bytes=[27]
2026-08-09T05:22:31.063742Z  WARN herdr::raw_input: flushing lone escape after input timeout; if this follows an alt chord or focus switch it may reach the pane as plain esc bytes=[27]
2026-08-09T05:22:31.414899Z  WARN herdr::raw_input: flushing lone escape after input timeout; if this follows an alt chord or focus switch it may reach the pane as plain esc bytes=[27]
2026-08-09T05:22:31.415230Z  WARN herdr::raw_input: flushing lone escape after input timeout; if this follows an alt chord or focus switch it may reach the pane as plain esc bytes=[27]
2026-08-09T05:22:40.138610Z  WARN herdr::raw_input: flushing lone escape after input timeout; if this follows an alt chord or focus switch it may reach the pane as plain esc bytes=[27]
2026-08-09T05:22:40.138929Z  WARN herdr::raw_input: flushing lone escape after input timeout; if this follows an alt chord or focus switch it may reach the pane as plain esc bytes=[27]
2026-08-09T05:22:40.409517Z  WARN herdr::raw_input: flushing lone escape after input timeout; if this follows an alt chord or focus switch it may reach the pane as plain esc bytes=[27]
2026-08-09T05:22:40.409687Z  WARN herdr::raw_input: flushing lone escape after input timeout; if this follows an alt chord or focus switch it may reach the pane as plain esc bytes=[27]
2026-08-09T05:22:41.923452Z  WARN herdr::raw_input: flushing lone escape after input timeout; if this follows an alt chord or focus switch it may reach the pane as plain esc bytes=[27]
2026-08-09T05:22:41.923665Z  WARN herdr::raw_input: flushing lone escape after input timeout; if this follows an alt chord or focus switch it may reach the pane as plain esc bytes=[27]
2026-08-09T05:56:26.544041Z  WARN herdr::raw_input: flushing lone escape after input timeout; if this follows an alt chord or focus switch it may reach the pane as plain esc bytes=[27]
2026-08-09T05:56:26.544586Z  WARN herdr::raw_input: flushing lone escape after input timeout; if this follows an alt chord or focus switch it may reach the pane as plain esc bytes=[27]
2026-08-09T06:28:12.512622Z  WARN herdr::raw_input: flushing lone escape after input timeout; if this follows an alt chord or focus switch it may reach the pane as plain esc bytes=[27]
2026-08-09T06:28:12.513967Z  WARN herdr::raw_input: flushing lone escape after input timeout; if this follows an alt chord or focus switch it may reach the pane as plain esc bytes=[27]
2026-08-09T06:29:15.299634Z  WARN herdr::raw_input: flushing lone escape after input timeout; if this follows an alt chord or focus switch it may reach the pane as plain esc bytes=[27]
2026-08-09T06:29:15.300074Z  WARN herdr::raw_input: flushing lone escape after input timeout; if this follows an alt chord or focus switch it may reach the pane as plain esc bytes=[27]
2026-08-09T06:29:15.487484Z  WARN herdr::raw_input: flushing lone escape after input timeout; if this follows an alt chord or focus switch it may reach the pane as plain esc bytes=[27]
2026-08-09T06:29:15.487639Z  WARN herdr::raw_input: flushing lone escape after input timeout; if this follows an alt chord or focus switch it may reach the pane as plain esc bytes=[27]
2026-08-09T06:29:15.952135Z  WARN herdr::raw_input: flushing lone escape after input timeout; if this follows an alt chord or focus switch it may reach the pane as plain esc bytes=[27]
2026-08-09T06:29:15.952417Z  WARN herdr::raw_input: flushing lone escape after input timeout; if this follows an alt chord or focus switch it may reach the pane as plain esc bytes=[27]
2026-08-09T06:29:16.339305Z  WARN herdr::raw_input: flushing lone escape after input timeout; if this follows an alt chord or focus switch it may reach the pane as plain esc bytes=[27]
2026-08-09T06:29:16.339510Z  WARN herdr::raw_input: flushing lone escape after input timeout; if this follows an alt chord or focus switch it may reach the pane as plain esc bytes=[27]
2026-08-09T06:29:16.839840Z  WARN herdr::raw_input: flushing lone escape after input timeout; if this follows an alt chord or focus switch it may reach the pane as plain esc bytes=[27]
2026-08-09T06:29:16.840145Z  WARN herdr::raw_input: flushing lone escape after input timeout; if this follows an alt chord or focus switch it may reach the pane as plain esc bytes=[27]
2026-08-09T06:29:17.472495Z  WARN herdr::raw_input: flushing lone escape after input timeout; if this follows an alt chord or focus switch it may reach the pane as plain esc bytes=[27]
2026-08-09T06:29:17.472673Z  WARN herdr::raw_input: flushing lone escape after input timeout; if this follows an alt chord or focus switch it may reach the pane as plain esc bytes=[27]
2026-08-09T06:29:20.734093Z  WARN herdr::raw_input: flushing lone escape after input timeout; if this follows an alt chord or focus switch it may reach the pane as plain esc bytes=[27]
2026-08-09T06:29:20.734204Z  WARN herdr::raw_input: flushing lone escape after input timeout; if this follows an alt chord or focus switch it may reach the pane as plain esc bytes=[27]
2026-08-09T06:29:21.064044Z  WARN herdr::raw_input: flushing lone escape after input timeout; if this follows an alt chord or focus switch it may reach the pane as plain esc bytes=[27]
2026-08-09T06:29:21.064319Z  WARN herdr::raw_input: flushing lone escape after input timeout; if this follows an alt chord or focus switch it may reach the pane as plain esc bytes=[27]
2026-08-09T06:29:21.672950Z  WARN herdr::raw_input: flushing lone escape after input timeout; if this follows an alt chord or focus switch it may reach the pane as plain esc bytes=[27]
2026-08-09T06:29:21.673204Z  WARN herdr::raw_input: flushing lone escape after input timeout; if this follows an alt chord or focus switch it may reach the pane as plain esc bytes=[27]
2026-08-09T06:29:22.642257Z  WARN herdr::raw_input: flushing lone escape after input timeout; if this follows an alt chord or focus switch it may reach the pane as plain esc bytes=[27]
2026-08-09T06:29:22.642515Z  WARN herdr::raw_input: flushing lone escape after input timeout; if this follows an alt chord or focus switch it may reach the pane as plain esc bytes=[27]
2026-08-09T06:31:20.767362Z  WARN herdr::raw_input: flushing lone escape after input timeout; if this follows an alt chord or focus switch it may reach the pane as plain esc bytes=[27]
2026-08-09T06:31:20.768669Z  WARN herdr::raw_input: flushing lone escape after input timeout; if this follows an alt chord or focus switch it may reach the pane as plain esc bytes=[27]
2026-08-09T06:38:10.493150Z  WARN herdr::raw_input: flushing lone escape after input timeout; if this follows an alt chord or focus switch it may reach the pane as plain esc bytes=[27]
2026-08-09T06:38:10.494499Z  WARN herdr::raw_input: flushing lone escape after input timeout; if this follows an alt chord or focus switch it may reach the pane as plain esc bytes=[27]
2026-08-09T06:41:05.331188Z  WARN herdr::raw_input: flushing lone escape after input timeout; if this follows an alt chord or focus switch it may reach the pane as plain esc bytes=[27]
2026-08-09T06:41:05.332283Z  WARN herdr::raw_input: flushing lone escape after input timeout; if this follows an alt chord or focus switch it may reach the pane as plain esc bytes=[27]
2026-08-09T06:50:55.780248Z  WARN herdr::raw_input: flushing lone escape after input timeout; if this follows an alt chord or focus switch it may reach the pane as plain esc bytes=[27]
2026-08-09T06:50:55.781446Z  WARN herdr::raw_input: flushing lone escape after input timeout; if this follows an alt chord or focus switch it may reach the pane as plain esc bytes=[27]
2026-08-09T06:51:03.604117Z  WARN herdr::raw_input: flushing lone escape after input timeout; if this follows an alt chord or focus switch it may reach the pane as plain esc bytes=[27]
2026-08-09T06:51:03.604783Z  WARN herdr::raw_input: flushing lone escape after input timeout; if this follows an alt chord or focus switch it may reach the pane as plain esc bytes=[27]
2026-08-09T07:11:19.492378Z  WARN herdr::raw_input: flushing lone escape after input timeout; if this follows an alt chord or focus switch it may reach the pane as plain esc bytes=[27]
2026-08-09T07:11:19.493438Z  WARN herdr::raw_input: flushing lone escape after input timeout; if this follows an alt chord or focus switch it may reach the pane as plain esc bytes=[27]
2026-08-09T07:11:19.759988Z  WARN herdr::raw_input: flushing lone escape after input timeout; if this follows an alt chord or focus switch it may reach the pane as plain esc bytes=[27]
2026-08-09T07:11:19.760378Z  WARN herdr::raw_input: flushing lone escape after input timeout; if this follows an alt chord or focus switch it may reach the pane as plain esc bytes=[27]
2026-08-09T07:16:52.567742Z  WARN herdr::raw_input: flushing lone escape after input timeout; if this follows an alt chord or focus switch it may reach the pane as plain esc bytes=[27]
2026-08-09T07:16:52.568719Z  WARN herdr::raw_input: flushing lone escape after input timeout; if this follows an alt chord or focus switch it may reach the pane as plain esc bytes=[27]
2026-08-09T07:17:48.809546Z  WARN herdr::raw_input: flushing lone escape after input timeout; if this follows an alt chord or focus switch it may reach the pane as plain esc bytes=[27]
2026-08-09T07:17:48.810494Z  WARN herdr::raw_input: flushing lone escape after input timeout; if this follows an alt chord or focus switch it may reach the pane as plain esc bytes=[27]
2026-08-09T07:33:00.328619Z  WARN herdr::raw_input: flushing lone escape after input timeout; if this follows an alt chord or focus switch it may reach the pane as plain esc bytes=[27]
2026-08-09T07:33:00.328951Z  WARN herdr::raw_input: flushing lone escape after input timeout; if this follows an alt chord or focus switch it may reach the pane as plain esc bytes=[27]
2026-08-09T07:33:08.851413Z  WARN herdr::raw_input: flushing lone escape after input timeout; if this follows an alt chord or focus switch it may reach the pane as plain esc bytes=[27]
2026-08-09T07:33:08.851763Z  WARN herdr::raw_input: flushing lone escape after input timeout; if this follows an alt chord or focus switch it may reach the pane as plain esc bytes=[27]
2026-08-09T07:33:20.665869Z  WARN herdr::raw_input: flushing lone escape after input timeout; if this follows an alt chord or focus switch it may reach the pane as plain esc bytes=[27]
2026-08-09T07:33:20.666948Z  WARN herdr::raw_input: flushing lone escape after input timeout; if this follows an alt chord or focus switch it may reach the pane as plain esc bytes=[27]
2026-08-09T09:48:55.363878Z  WARN herdr::raw_input: flushing lone escape after input timeout; if this follows an alt chord or focus switch it may reach the pane as plain esc bytes=[27]
2026-08-09T09:48:55.366047Z  WARN herdr::raw_input: flushing lone escape after input timeout; if this follows an alt chord or focus switch it may reach the pane as plain esc bytes=[27]
2026-08-09T09:48:55.785212Z  WARN herdr::raw_input: flushing lone escape after input timeout; if this follows an alt chord or focus switch it may reach the pane as plain esc bytes=[27]
2026-08-09T09:48:55.785418Z  WARN herdr::raw_input: flushing lone escape after input timeout; if this follows an alt chord or focus switch it may reach the pane as plain esc bytes=[27]
2026-08-09T09:48:59.374181Z  WARN herdr::raw_input: flushing lone escape after input timeout; if this follows an alt chord or focus switch it may reach the pane as plain esc bytes=[27]
2026-08-09T09:48:59.374298Z  WARN herdr::raw_input: flushing lone escape after input timeout; if this follows an alt chord or focus switch it may reach the pane as plain esc bytes=[27]
2026-08-09T09:48:59.617103Z  WARN herdr::raw_input: flushing lone escape after input timeout; if this follows an alt chord or focus switch it may reach the pane as plain esc bytes=[27]
2026-08-09T09:48:59.617306Z  WARN herdr::raw_input: flushing lone escape after input timeout; if this follows an alt chord or focus switch it may reach the pane as plain esc bytes=[27]
2026-08-09T09:49:14.838599Z  WARN herdr::raw_input: flushing lone escape after input timeout; if this follows an alt chord or focus switch it may reach the pane as plain esc bytes=[27]
2026-08-09T09:49:14.839678Z  WARN herdr::raw_input: flushing lone escape after input timeout; if this follows an alt chord or focus switch it may reach the pane as plain esc bytes=[27]
2026-08-09T10:42:38.494115Z  WARN herdr::raw_input: flushing lone escape after input timeout; if this follows an alt chord or focus switch it may reach the pane as plain esc bytes=[27]
2026-08-09T10:42:38.495150Z  WARN herdr::raw_input: flushing lone escape after input timeout; if this follows an alt chord or focus switch it may reach the pane as plain esc bytes=[27]
2026-08-09T10:50:29.487280Z  WARN herdr::raw_input: flushing lone escape after input timeout; if this follows an alt chord or focus switch it may reach the pane as plain esc bytes=[27]
2026-08-09T10:50:29.488713Z  WARN herdr::raw_input: flushing lone escape after input timeout; if this follows an alt chord or focus switch it may reach the pane as plain esc bytes=[27]
2026-08-09T10:50:29.964171Z  WARN herdr::raw_input: flushing lone escape after input timeout; if this follows an alt chord or focus switch it may reach the pane as plain esc bytes=[27]
2026-08-09T10:50:29.964268Z  WARN herdr::raw_input: flushing lone escape after input timeout; if this follows an alt chord or focus switch it may reach the pane as plain esc bytes=[27]
2026-08-09T10:51:35.623038Z  WARN herdr::raw_input: flushing lone escape after input timeout; if this follows an alt chord or focus switch it may reach the pane as plain esc bytes=[27]
2026-08-09T10:51:35.625059Z  WARN herdr::raw_input: flushing lone escape after input timeout; if this follows an alt chord or focus switch it may reach the pane as plain esc bytes=[27]
2026-08-09T10:51:38.180643Z  WARN herdr::raw_input: flushing lone escape after input timeout; if this follows an alt chord or focus switch it may reach the pane as plain esc bytes=[27]
2026-08-09T10:51:38.180705Z  WARN herdr::raw_input: flushing lone escape after input timeout; if this follows an alt chord or focus switch it may reach the pane as plain esc bytes=[27]
2026-08-09T11:09:23.004167Z  WARN herdr::raw_input: flushing lone escape after input timeout; if this follows an alt chord or focus switch it may reach the pane as plain esc bytes=[27]
2026-08-09T11:09:23.006393Z  WARN herdr::raw_input: flushing lone escape after input timeout; if this follows an alt chord or focus switch it may reach the pane as plain esc bytes=[27]
2026-08-09T11:15:31.452770Z  WARN herdr::raw_input: flushing lone escape after input timeout; if this follows an alt chord or focus switch it may reach the pane as plain esc bytes=[27]
2026-08-09T11:15:31.453800Z  WARN herdr::raw_input: flushing lone escape after input timeout; if this follows an alt chord or focus switch it may reach the pane as plain esc bytes=[27]
2026-08-09T11:23:54.357712Z  WARN herdr::raw_input: flushing lone escape after input timeout; if this follows an alt chord or focus switch it may reach the pane as plain esc bytes=[27]
2026-08-09T11:23:54.359297Z  WARN herdr::raw_input: flushing lone escape after input timeout; if this follows an alt chord or focus switch it may reach the pane as plain esc bytes=[27]
2026-08-09T11:36:22.506147Z  WARN herdr::raw_input: flushing lone escape after input timeout; if this follows an alt chord or focus switch it may reach the pane as plain esc bytes=[27]
2026-08-09T11:36:22.507335Z  WARN herdr::raw_input: flushing lone escape after input timeout; if this follows an alt chord or focus switch it may reach the pane as plain esc bytes=[27]
2026-08-09T11:36:24.527708Z  WARN herdr::raw_input: flushing lone escape after input timeout; if this follows an alt chord or focus switch it may reach the pane as plain esc bytes=[27]
2026-08-09T11:36:24.527974Z  WARN herdr::raw_input: flushing lone escape after input timeout; if this follows an alt chord or focus switch it may reach the pane as plain esc bytes=[27]
2026-08-09T11:36:38.109601Z  WARN herdr::raw_input: flushing lone escape after input timeout; if this follows an alt chord or focus switch it may reach the pane as plain esc bytes=[27]
2026-08-09T11:36:38.110259Z  WARN herdr::raw_input: flushing lone escape after input timeout; if this follows an alt chord or focus switch it may reach the pane as plain esc bytes=[27]
2026-08-09T11:42:57.577873Z  WARN herdr::raw_input: flushing lone escape after input timeout; if this follows an alt chord or focus switch it may reach the pane as plain esc bytes=[27]
2026-08-09T11:42:57.578971Z  WARN herdr::raw_input: flushing lone escape after input timeout; if this follows an alt chord or focus switch it may reach the pane as plain esc bytes=[27]
2026-08-09T12:22:10.727589Z  WARN herdr::raw_input: flushing lone escape after input timeout; if this follows an alt chord or focus switch it may reach the pane as plain esc bytes=[27]
2026-08-09T12:22:10.728031Z  WARN herdr::raw_input: flushing lone escape after input timeout; if this follows an alt chord or focus switch it may reach the pane as plain esc bytes=[27]
2026-08-09T13:05:18.651709Z  WARN herdr::raw_input: flushing lone escape after input timeout; if this follows an alt chord or focus switch it may reach the pane as plain esc bytes=[27]
2026-08-09T13:05:18.652702Z  WARN herdr::raw_input: flushing lone escape after input timeout; if this follows an alt chord or focus switch it may reach the pane as plain esc bytes=[27]
2026-08-09T14:37:23.658940Z  WARN herdr::raw_input: flushing lone escape after input timeout; if this follows an alt chord or focus switch it may reach the pane as plain esc bytes=[27]
2026-08-09T14:37:23.659904Z  WARN herdr::raw_input: flushing lone escape after input timeout; if this follows an alt chord or focus switch it may reach the pane as plain esc bytes=[27]
2026-08-09T14:43:08.356815Z  WARN herdr::raw_input: flushing lone escape after input timeout; if this follows an alt chord or focus switch it may reach the pane as plain esc bytes=[27]
2026-08-09T14:43:08.357697Z  WARN herdr::raw_input: flushing lone escape after input timeout; if this follows an alt chord or focus switch it may reach the pane as plain esc bytes=[27]
2026-08-09T15:42:49.971867Z  WARN herdr::raw_input: flushing lone escape after input timeout; if this follows an alt chord or focus switch it may reach the pane as plain esc bytes=[27]
2026-08-09T15:42:49.973757Z  WARN herdr::raw_input: flushing lone escape after input timeout; if this follows an alt chord or focus switch it may reach the pane as plain esc bytes=[27]
2026-08-09T15:42:50.433919Z  WARN herdr::raw_input: flushing lone escape after input timeout; if this follows an alt chord or focus switch it may reach the pane as plain esc bytes=[27]
2026-08-09T15:42:50.434140Z  WARN herdr::raw_input: flushing lone escape after input timeout; if this follows an alt chord or focus switch it may reach the pane as plain esc bytes=[27]
2026-08-09T15:51:32.304677Z  WARN herdr::raw_input: flushing lone escape after input timeout; if this follows an alt chord or focus switch it may reach the pane as plain esc bytes=[27]
2026-08-09T15:51:32.305024Z  WARN herdr::raw_input: flushing lone escape after input timeout; if this follows an alt chord or focus switch it may reach the pane as plain esc bytes=[27]
2026-08-09T15:52:50.958707Z  WARN herdr::raw_input: flushing lone escape after input timeout; if this follows an alt chord or focus switch it may reach the pane as plain esc bytes=[27]
2026-08-09T15:52:50.960025Z  WARN herdr::raw_input: flushing lone escape after input timeout; if this follows an alt chord or focus switch it may reach the pane as plain esc bytes=[27]
2026-08-09T15:53:20.436937Z  WARN herdr::raw_input: flushing lone escape after input timeout; if this follows an alt chord or focus switch it may reach the pane as plain esc bytes=[27]
2026-08-09T15:53:20.438294Z  WARN herdr::raw_input: flushing lone escape after input timeout; if this follows an alt chord or focus switch it may reach the pane as plain esc bytes=[27]
2026-08-09T15:55:48.641535Z  WARN herdr::raw_input: flushing lone escape after input timeout; if this follows an alt chord or focus switch it may reach the pane as plain esc bytes=[27]
2026-08-09T15:55:48.643442Z  WARN herdr::raw_input: flushing lone escape after input timeout; if this follows an alt chord or focus switch it may reach the pane as plain esc bytes=[27]
2026-08-09T15:57:14.140269Z  INFO herdr::logging: herdr exiting event="app.shutdown" subsystem="client" outcome="completed" pid=62164
2026-08-09T15:57:21.473570Z  INFO herdr::logging: herdr starting event="app.startup" subsystem="client" outcome="started" pid=9355
2026-08-09T15:57:21.473749Z  INFO herdr::client: connecting to server path=/Users/macos/.config/herdr/herdr-client.sock
2026-08-09T15:57:21.507477Z  INFO herdr::client: handshake succeeded version=19 encoding=SemanticFrame
2026-08-09T16:09:38.459931Z  WARN herdr::raw_input: flushing lone escape after input timeout; if this follows an alt chord or focus switch it may reach the pane as plain esc bytes=[27]
2026-08-09T16:09:38.460750Z  WARN herdr::raw_input: flushing lone escape after input timeout; if this follows an alt chord or focus switch it may reach the pane as plain esc bytes=[27]
2026-08-09T16:09:38.851312Z  WARN herdr::raw_input: flushing lone escape after input timeout; if this follows an alt chord or focus switch it may reach the pane as plain esc bytes=[27]
2026-08-09T16:09:38.851439Z  WARN herdr::raw_input: flushing lone escape after input timeout; if this follows an alt chord or focus switch it may reach the pane as plain esc bytes=[27]
2026-08-09T16:10:33.718129Z  WARN herdr::raw_input: flushing lone escape after input timeout; if this follows an alt chord or focus switch it may reach the pane as plain esc bytes=[27]
2026-08-09T16:10:33.718458Z  WARN herdr::raw_input: flushing lone escape after input timeout; if this follows an alt chord or focus switch it may reach the pane as plain esc bytes=[27]
2026-08-09T16:16:34.395941Z  WARN herdr::raw_input: flushing lone escape after input timeout; if this follows an alt chord or focus switch it may reach the pane as plain esc bytes=[27]
2026-08-09T16:16:34.396853Z  WARN herdr::raw_input: flushing lone escape after input timeout; if this follows an alt chord or focus switch it may reach the pane as plain esc bytes=[27]
2026-08-09T16:16:34.737790Z  WARN herdr::raw_input: flushing lone escape after input timeout; if this follows an alt chord or focus switch it may reach the pane as plain esc bytes=[27]
2026-08-09T16:16:34.737899Z  WARN herdr::raw_input: flushing lone escape after input timeout; if this follows an alt chord or focus switch it may reach the pane as plain esc bytes=[27]
2026-08-09T16:16:35.133676Z  WARN herdr::raw_input: flushing lone escape after input timeout; if this follows an alt chord or focus switch it may reach the pane as plain esc bytes=[27]
2026-08-09T16:16:35.133802Z  WARN herdr::raw_input: flushing lone escape after input timeout; if this follows an alt chord or focus switch it may reach the pane as plain esc bytes=[27]
2026-08-09T16:16:36.020378Z  WARN herdr::raw_input: flushing lone escape after input timeout; if this follows an alt chord or focus switch it may reach the pane as plain esc bytes=[27]
2026-08-09T16:16:36.020618Z  WARN herdr::raw_input: flushing lone escape after input timeout; if this follows an alt chord or focus switch it may reach the pane as plain esc bytes=[27]
2026-08-09T16:28:33.983800Z  WARN herdr::raw_input: flushing lone escape after input timeout; if this follows an alt chord or focus switch it may reach the pane as plain esc bytes=[27]
2026-08-09T16:28:33.984687Z  WARN herdr::raw_input: flushing lone escape after input timeout; if this follows an alt chord or focus switch it may reach the pane as plain esc bytes=[27]
2026-08-09T16:31:39.846196Z  INFO herdr::logging: herdr exiting event="app.shutdown" subsystem="client" outcome="completed" pid=9355
2026-08-09T16:31:48.284799Z  INFO herdr::logging: herdr starting event="app.startup" subsystem="client" outcome="started" pid=19806
2026-08-09T16:31:48.285011Z  INFO herdr::client: connecting to server path=/Users/macos/.config/herdr/herdr-client.sock
2026-08-09T16:31:48.480525Z  INFO herdr::client: handshake succeeded version=19 encoding=SemanticFrame
2026-08-09T16:35:32.408926Z  WARN herdr::raw_input: flushing lone escape after input timeout; if this follows an alt chord or focus switch it may reach the pane as plain esc bytes=[27]
2026-08-09T16:35:32.412217Z  WARN herdr::raw_input: flushing lone escape after input timeout; if this follows an alt chord or focus switch it may reach the pane as plain esc bytes=[27]
2026-08-09T16:35:32.876338Z  WARN herdr::raw_input: flushing lone escape after input timeout; if this follows an alt chord or focus switch it may reach the pane as plain esc bytes=[27]
2026-08-09T16:35:32.876428Z  WARN herdr::raw_input: flushing lone escape after input timeout; if this follows an alt chord or focus switch it may reach the pane as plain esc bytes=[27]
2026-08-09T16:35:38.612773Z  WARN herdr::raw_input: flushing lone escape after input timeout; if this follows an alt chord or focus switch it may reach the pane as plain esc bytes=[27]
2026-08-09T16:35:38.613293Z  WARN herdr::raw_input: flushing lone escape after input timeout; if this follows an alt chord or focus switch it may reach the pane as plain esc bytes=[27]
2026-08-09T16:35:43.626077Z  WARN herdr::raw_input: flushing lone escape after input timeout; if this follows an alt chord or focus switch it may reach the pane as plain esc bytes=[27]
2026-08-09T16:35:43.626221Z  WARN herdr::raw_input: flushing lone escape after input timeout; if this follows an alt chord or focus switch it may reach the pane as plain esc bytes=[27]
2026-08-09T16:39:23.624030Z  WARN herdr::raw_input: flushing lone escape after input timeout; if this follows an alt chord or focus switch it may reach the pane as plain esc bytes=[27]
2026-08-09T16:39:23.628861Z  WARN herdr::raw_input: flushing lone escape after input timeout; if this follows an alt chord or focus switch it may reach the pane as plain esc bytes=[27]
2026-08-09T16:48:09.549151Z  INFO herdr::logging: herdr exiting event="app.shutdown" subsystem="client" outcome="completed" pid=19806
2026-08-09T16:48:24.427361Z  INFO herdr::logging: herdr starting event="app.startup" subsystem="client" outcome="started" pid=25162
2026-08-09T16:48:24.427523Z  INFO herdr::client: connecting to server path=/Users/macos/.config/herdr/herdr-client.sock
2026-08-09T16:48:24.512119Z  INFO herdr::client: handshake succeeded version=19 encoding=SemanticFrame
2026-08-09T16:51:51.532065Z  INFO herdr::logging: herdr exiting event="app.shutdown" subsystem="client" outcome="completed" pid=25162
2026-08-09T16:51:54.611358Z  INFO herdr::logging: herdr starting event="app.startup" subsystem="client" outcome="started" pid=29855
2026-08-09T16:51:54.611388Z  INFO herdr::client: connecting to server path=/Users/macos/.config/herdr/herdr-client.sock
2026-08-09T16:51:54.834815Z  INFO herdr::client: handshake succeeded version=19 encoding=SemanticFrame
2026-08-09T16:52:43.317183Z  INFO herdr::logging: herdr exiting event="app.shutdown" subsystem="client" outcome="completed" pid=29855
2026-08-09T16:53:00.688129Z  INFO herdr::logging: herdr starting event="app.startup" subsystem="client" outcome="started" pid=30716
2026-08-09T16:53:00.688316Z  INFO herdr::client: connecting to server path=/Users/macos/.config/herdr/herdr-client.sock
2026-08-09T16:53:00.729851Z  INFO herdr::client: handshake succeeded version=19 encoding=SemanticFrame
2026-08-09T17:07:21.238281Z  WARN herdr::raw_input: flushing lone escape after input timeout; if this follows an alt chord or focus switch it may reach the pane as plain esc bytes=[27]
2026-08-09T17:07:21.238986Z  WARN herdr::raw_input: flushing lone escape after input timeout; if this follows an alt chord or focus switch it may reach the pane as plain esc bytes=[27]
2026-08-09T17:07:21.452583Z  WARN herdr::raw_input: flushing lone escape after input timeout; if this follows an alt chord or focus switch it may reach the pane as plain esc bytes=[27]
2026-08-09T17:07:21.452661Z  WARN herdr::raw_input: flushing lone escape after input timeout; if this follows an alt chord or focus switch it may reach the pane as plain esc bytes=[27]
2026-08-09T17:52:10.676504Z  WARN herdr::raw_input: flushing lone escape after input timeout; if this follows an alt chord or focus switch it may reach the pane as plain esc bytes=[27]
2026-08-09T17:52:10.676830Z  WARN herdr::raw_input: flushing lone escape after input timeout; if this follows an alt chord or focus switch it may reach the pane as plain esc bytes=[27]
2026-08-09T18:04:17.023727Z  WARN herdr::raw_input: flushing lone escape after input timeout; if this follows an alt chord or focus switch it may reach the pane as plain esc bytes=[27]
2026-08-09T18:04:17.024026Z  WARN herdr::raw_input: flushing lone escape after input timeout; if this follows an alt chord or focus switch it may reach the pane as plain esc bytes=[27]
2026-08-09T18:15:41.140273Z  WARN herdr::raw_input: flushing lone escape after input timeout; if this follows an alt chord or focus switch it may reach the pane as plain esc bytes=[27]
2026-08-09T18:15:41.141275Z  WARN herdr::raw_input: flushing lone escape after input timeout; if this follows an alt chord or focus switch it may reach the pane as plain esc bytes=[27]
2026-08-09T18:20:12.889835Z  WARN herdr::raw_input: flushing lone escape after input timeout; if this follows an alt chord or focus switch it may reach the pane as plain esc bytes=[27]
2026-08-09T18:20:12.890646Z  WARN herdr::raw_input: flushing lone escape after input timeout; if this follows an alt chord or focus switch it may reach the pane as plain esc bytes=[27]
2026-08-09T18:20:34.842310Z  WARN herdr::raw_input: flushing lone escape after input timeout; if this follows an alt chord or focus switch it may reach the pane as plain esc bytes=[27]
2026-08-09T18:20:34.842658Z  WARN herdr::raw_input: flushing lone escape after input timeout; if this follows an alt chord or focus switch it may reach the pane as plain esc bytes=[27]
2026-08-09T18:20:37.175195Z  WARN herdr::raw_input: flushing lone escape after input timeout; if this follows an alt chord or focus switch it may reach the pane as plain esc bytes=[27]
2026-08-09T18:20:37.175271Z  WARN herdr::raw_input: flushing lone escape after input timeout; if this follows an alt chord or focus switch it may reach the pane as plain esc bytes=[27]
2026-08-09T18:26:21.292092Z  WARN herdr::raw_input: flushing lone escape after input timeout; if this follows an alt chord or focus switch it may reach the pane as plain esc bytes=[27]
2026-08-09T18:26:21.293074Z  WARN herdr::raw_input: flushing lone escape after input timeout; if this follows an alt chord or focus switch it may reach the pane as plain esc bytes=[27]
2026-08-09T18:26:21.898450Z  WARN herdr::raw_input: flushing lone escape after input timeout; if this follows an alt chord or focus switch it may reach the pane as plain esc bytes=[27]
2026-08-09T18:26:21.898618Z  WARN herdr::raw_input: flushing lone escape after input timeout; if this follows an alt chord or focus switch it may reach the pane as plain esc bytes=[27]
2026-08-09T18:40:20.717956Z  WARN herdr::raw_input: flushing lone escape after input timeout; if this follows an alt chord or focus switch it may reach the pane as plain esc bytes=[27]
2026-08-09T18:40:20.720997Z  WARN herdr::raw_input: flushing lone escape after input timeout; if this follows an alt chord or focus switch it may reach the pane as plain esc bytes=[27]
2026-08-09T18:45:03.933117Z  WARN herdr::raw_input: flushing lone escape after input timeout; if this follows an alt chord or focus switch it may reach the pane as plain esc bytes=[27]
2026-08-09T18:45:03.933485Z  WARN herdr::raw_input: flushing lone escape after input timeout; if this follows an alt chord or focus switch it may reach the pane as plain esc bytes=[27]
2026-08-09T18:45:50.677726Z  WARN herdr::raw_input: flushing lone escape after input timeout; if this follows an alt chord or focus switch it may reach the pane as plain esc bytes=[27]
2026-08-09T18:45:50.678937Z  WARN herdr::raw_input: flushing lone escape after input timeout; if this follows an alt chord or focus switch it may reach the pane as plain esc bytes=[27]
2026-08-09T18:45:54.930380Z  WARN herdr::raw_input: flushing lone escape after input timeout; if this follows an alt chord or focus switch it may reach the pane as plain esc bytes=[27]
2026-08-09T18:45:54.931419Z  WARN herdr::raw_input: flushing lone escape after input timeout; if this follows an alt chord or focus switch it may reach the pane as plain esc bytes=[27]
2026-08-09T18:45:55.199019Z  WARN herdr::raw_input: flushing lone escape after input timeout; if this follows an alt chord or focus switch it may reach the pane as plain esc bytes=[27]
2026-08-09T18:45:55.199190Z  WARN herdr::raw_input: flushing lone escape after input timeout; if this follows an alt chord or focus switch it may reach the pane as plain esc bytes=[27]
2026-08-09T18:49:43.764840Z  WARN herdr::raw_input: flushing lone escape after input timeout; if this follows an alt chord or focus switch it may reach the pane as plain esc bytes=[27]
2026-08-09T18:49:43.767713Z  WARN herdr::raw_input: flushing lone escape after input timeout; if this follows an alt chord or focus switch it may reach the pane as plain esc bytes=[27]
2026-08-09T18:49:45.134162Z  WARN herdr::raw_input: flushing lone escape after input timeout; if this follows an alt chord or focus switch it may reach the pane as plain esc bytes=[27]
2026-08-09T18:49:45.134552Z  WARN herdr::raw_input: flushing lone escape after input timeout; if this follows an alt chord or focus switch it may reach the pane as plain esc bytes=[27]
2026-08-10T01:16:29.191588Z  WARN herdr::raw_input: flushing lone escape after input timeout; if this follows an alt chord or focus switch it may reach the pane as plain esc bytes=[27]
2026-08-10T01:16:29.192671Z  WARN herdr::raw_input: flushing lone escape after input timeout; if this follows an alt chord or focus switch it may reach the pane as plain esc bytes=[27]
2026-08-10T01:16:43.510790Z  WARN herdr::raw_input: flushing lone escape after input timeout; if this follows an alt chord or focus switch it may reach the pane as plain esc bytes=[27]
2026-08-10T01:16:43.511705Z  WARN herdr::raw_input: flushing lone escape after input timeout; if this follows an alt chord or focus switch it may reach the pane as plain esc bytes=[27]
2026-08-10T01:17:22.958569Z  WARN herdr::raw_input: flushing lone escape after input timeout; if this follows an alt chord or focus switch it may reach the pane as plain esc bytes=[27]
2026-08-10T01:17:22.959553Z  WARN herdr::raw_input: flushing lone escape after input timeout; if this follows an alt chord or focus switch it may reach the pane as plain esc bytes=[27]
2026-08-10T01:17:23.250859Z  WARN herdr::raw_input: flushing lone escape after input timeout; if this follows an alt chord or focus switch it may reach the pane as plain esc bytes=[27]
2026-08-10T01:17:23.251044Z  WARN herdr::raw_input: flushing lone escape after input timeout; if this follows an alt chord or focus switch it may reach the pane as plain esc bytes=[27]
2026-08-10T07:24:19.910892Z  WARN herdr::raw_input: flushing lone escape after input timeout; if this follows an alt chord or focus switch it may reach the pane as plain esc bytes=[27]
2026-08-10T07:24:19.911596Z  WARN herdr::raw_input: flushing lone escape after input timeout; if this follows an alt chord or focus switch it may reach the pane as plain esc bytes=[27]
2026-08-10T07:48:13.320284Z  WARN herdr::raw_input: flushing lone escape after input timeout; if this follows an alt chord or focus switch it may reach the pane as plain esc bytes=[27]
2026-08-10T07:48:13.320748Z  WARN herdr::raw_input: flushing lone escape after input timeout; if this follows an alt chord or focus switch it may reach the pane as plain esc bytes=[27]
2026-08-10T08:21:47.060127Z  WARN herdr::raw_input: flushing lone escape after input timeout; if this follows an alt chord or focus switch it may reach the pane as plain esc bytes=[27]
2026-08-10T08:21:47.060507Z  WARN herdr::raw_input: flushing lone escape after input timeout; if this follows an alt chord or focus switch it may reach the pane as plain esc bytes=[27]
2026-08-10T08:21:47.308709Z  WARN herdr::raw_input: flushing lone escape after input timeout; if this follows an alt chord or focus switch it may reach the pane as plain esc bytes=[27]
2026-08-10T08:21:47.308836Z  WARN herdr::raw_input: flushing lone escape after input timeout; if this follows an alt chord or focus switch it may reach the pane as plain esc bytes=[27]
2026-08-10T08:21:49.725324Z  WARN herdr::raw_input: flushing lone escape after input timeout; if this follows an alt chord or focus switch it may reach the pane as plain esc bytes=[27]
2026-08-10T08:21:49.725467Z  WARN herdr::raw_input: flushing lone escape after input timeout; if this follows an alt chord or focus switch it may reach the pane as plain esc bytes=[27]
2026-08-10T08:21:49.935861Z  WARN herdr::raw_input: flushing lone escape after input timeout; if this follows an alt chord or focus switch it may reach the pane as plain esc bytes=[27]
2026-08-10T08:21:49.936027Z  WARN herdr::raw_input: flushing lone escape after input timeout; if this follows an alt chord or focus switch it may reach the pane as plain esc bytes=[27]
2026-08-10T08:27:55.338752Z  INFO herdr::logging: herdr starting event="app.startup" subsystem="client" outcome="started" pid=1775
2026-08-10T08:27:55.339009Z  INFO herdr::client: connecting to server path=/Users/macos/.config/herdr/herdr-client.sock
2026-08-10T08:27:55.558767Z  INFO herdr::client: handshake succeeded version=19 encoding=SemanticFrame
2026-08-10T08:28:40.109869Z  WARN herdr::raw_input: flushing lone escape after input timeout; if this follows an alt chord or focus switch it may reach the pane as plain esc bytes=[27]
2026-08-10T08:28:45.162462Z  WARN herdr::raw_input: flushing lone escape after input timeout; if this follows an alt chord or focus switch it may reach the pane as plain esc bytes=[27]
2026-08-10T08:28:45.162638Z  WARN herdr::raw_input: flushing lone escape after input timeout; if this follows an alt chord or focus switch it may reach the pane as plain esc bytes=[27]
2026-08-10T08:35:50.797726Z  WARN herdr::raw_input: flushing lone escape after input timeout; if this follows an alt chord or focus switch it may reach the pane as plain esc bytes=[27]
2026-08-10T08:35:50.798919Z  WARN herdr::raw_input: flushing lone escape after input timeout; if this follows an alt chord or focus switch it may reach the pane as plain esc bytes=[27]
2026-08-10T08:36:20.851745Z  WARN herdr::raw_input: flushing lone escape after input timeout; if this follows an alt chord or focus switch it may reach the pane as plain esc bytes=[27]
2026-08-10T08:36:20.851824Z  WARN herdr::raw_input: flushing lone escape after input timeout; if this follows an alt chord or focus switch it may reach the pane as plain esc bytes=[27]
2026-08-10T08:36:40.367640Z  WARN herdr::raw_input: flushing lone escape after input timeout; if this follows an alt chord or focus switch it may reach the pane as plain esc bytes=[27]
2026-08-10T08:36:40.367858Z  WARN herdr::raw_input: flushing lone escape after input timeout; if this follows an alt chord or focus switch it may reach the pane as plain esc bytes=[27]
2026-08-10T08:37:10.697221Z  WARN herdr::raw_input: flushing lone escape after input timeout; if this follows an alt chord or focus switch it may reach the pane as plain esc bytes=[27]
2026-08-10T08:37:10.697377Z  WARN herdr::raw_input: flushing lone escape after input timeout; if this follows an alt chord or focus switch it may reach the pane as plain esc bytes=[27]
2026-08-10T08:42:32.021423Z  WARN herdr::raw_input: flushing lone escape after input timeout; if this follows an alt chord or focus switch it may reach the pane as plain esc bytes=[27]
2026-08-11T00:49:06.177266Z  INFO herdr::logging: herdr starting event="app.startup" subsystem="client" outcome="started" pid=1160
2026-08-11T00:49:06.177499Z  INFO herdr::client: connecting to server path=/Users/macos/.config/herdr/herdr-client.sock
2026-08-11T00:49:06.415463Z  INFO herdr::client: handshake succeeded version=19 encoding=SemanticFrame
2026-08-11T00:49:26.238081Z  WARN herdr::raw_input: flushing lone escape after input timeout; if this follows an alt chord or focus switch it may reach the pane as plain esc bytes=[27]
2026-08-11T00:49:26.238158Z  WARN herdr::raw_input: flushing lone escape after input timeout; if this follows an alt chord or focus switch it may reach the pane as plain esc bytes=[27]
2026-08-11T00:52:01.245019Z  WARN herdr::raw_input: flushing lone escape after input timeout; if this follows an alt chord or focus switch it may reach the pane as plain esc bytes=[27]
2026-08-11T00:52:01.246097Z  WARN herdr::raw_input: flushing lone escape after input timeout; if this follows an alt chord or focus switch it may reach the pane as plain esc bytes=[27]
2026-08-11T00:52:01.575468Z  WARN herdr::raw_input: flushing lone escape after input timeout; if this follows an alt chord or focus switch it may reach the pane as plain esc bytes=[27]
2026-08-11T00:52:01.575582Z  WARN herdr::raw_input: flushing lone escape after input timeout; if this follows an alt chord or focus switch it may reach the pane as plain esc bytes=[27]
2026-08-11T00:52:01.799520Z  WARN herdr::raw_input: flushing lone escape after input timeout; if this follows an alt chord or focus switch it may reach the pane as plain esc bytes=[27]
2026-08-11T00:52:01.799576Z  WARN herdr::raw_input: flushing lone escape after input timeout; if this follows an alt chord or focus switch it may reach the pane as plain esc bytes=[27]
2026-08-11T00:52:02.266650Z  WARN herdr::raw_input: flushing lone escape after input timeout; if this follows an alt chord or focus switch it may reach the pane as plain esc bytes=[27]
2026-08-11T00:52:02.266836Z  WARN herdr::raw_input: flushing lone escape after input timeout; if this follows an alt chord or focus switch it may reach the pane as plain esc bytes=[27]
2026-08-11T00:52:07.937413Z  WARN herdr::raw_input: flushing lone escape after input timeout; if this follows an alt chord or focus switch it may reach the pane as plain esc bytes=[27]
2026-08-11T00:52:07.937547Z  WARN herdr::raw_input: flushing lone escape after input timeout; if this follows an alt chord or focus switch it may reach the pane as plain esc bytes=[27]
2026-08-11T00:52:10.277484Z  WARN herdr::raw_input: flushing lone escape after input timeout; if this follows an alt chord or focus switch it may reach the pane as plain esc bytes=[27]
2026-08-11T00:52:10.277817Z  WARN herdr::raw_input: flushing lone escape after input timeout; if this follows an alt chord or focus switch it may reach the pane as plain esc bytes=[27]
2026-08-11T00:52:10.773374Z  WARN herdr::raw_input: flushing lone escape after input timeout; if this follows an alt chord or focus switch it may reach the pane as plain esc bytes=[27]
2026-08-11T00:52:10.773616Z  WARN herdr::raw_input: flushing lone escape after input timeout; if this follows an alt chord or focus switch it may reach the pane as plain esc bytes=[27]
2026-08-11T00:52:12.093829Z  WARN herdr::raw_input: flushing lone escape after input timeout; if this follows an alt chord or focus switch it may reach the pane as plain esc bytes=[27]
2026-08-11T00:52:12.094061Z  WARN herdr::raw_input: flushing lone escape after input timeout; if this follows an alt chord or focus switch it may reach the pane as plain esc bytes=[27]
2026-08-11T00:52:12.858261Z  WARN herdr::raw_input: flushing lone escape after input timeout; if this follows an alt chord or focus switch it may reach the pane as plain esc bytes=[27]
2026-08-11T00:52:12.858474Z  WARN herdr::raw_input: flushing lone escape after input timeout; if this follows an alt chord or focus switch it may reach the pane as plain esc bytes=[27]
2026-08-11T00:52:13.291930Z  WARN herdr::raw_input: flushing lone escape after input timeout; if this follows an alt chord or focus switch it may reach the pane as plain esc bytes=[27]
2026-08-11T00:52:13.292160Z  WARN herdr::raw_input: flushing lone escape after input timeout; if this follows an alt chord or focus switch it may reach the pane as plain esc bytes=[27]
2026-08-11T00:52:14.821377Z  WARN herdr::raw_input: flushing lone escape after input timeout; if this follows an alt chord or focus switch it may reach the pane as plain esc bytes=[27]
2026-08-11T00:52:14.821581Z  WARN herdr::raw_input: flushing lone escape after input timeout; if this follows an alt chord or focus switch it may reach the pane as plain esc bytes=[27]
2026-08-11T00:52:34.712781Z  WARN herdr::raw_input: flushing lone escape after input timeout; if this follows an alt chord or focus switch it may reach the pane as plain esc bytes=[27]
2026-08-11T00:52:34.713051Z  WARN herdr::raw_input: flushing lone escape after input timeout; if this follows an alt chord or focus switch it may reach the pane as plain esc bytes=[27]
2026-08-11T00:52:35.083422Z  WARN herdr::raw_input: flushing lone escape after input timeout; if this follows an alt chord or focus switch it may reach the pane as plain esc bytes=[27]
2026-08-11T00:52:35.083552Z  WARN herdr::raw_input: flushing lone escape after input timeout; if this follows an alt chord or focus switch it may reach the pane as plain esc bytes=[27]
2026-08-11T00:57:59.058869Z  WARN herdr::raw_input: flushing lone escape after input timeout; if this follows an alt chord or focus switch it may reach the pane as plain esc bytes=[27]
2026-08-11T00:57:59.060246Z  WARN herdr::raw_input: flushing lone escape after input timeout; if this follows an alt chord or focus switch it may reach the pane as plain esc bytes=[27]
2026-08-11T00:59:01.698032Z  WARN herdr::raw_input: flushing lone escape after input timeout; if this follows an alt chord or focus switch it may reach the pane as plain esc bytes=[27]
2026-08-11T00:59:01.699086Z  WARN herdr::raw_input: flushing lone escape after input timeout; if this follows an alt chord or focus switch it may reach the pane as plain esc bytes=[27]
2026-08-11T01:00:47.175088Z  WARN herdr::raw_input: flushing lone escape after input timeout; if this follows an alt chord or focus switch it may reach the pane as plain esc bytes=[27]
2026-08-11T01:00:47.175705Z  WARN herdr::raw_input: flushing lone escape after input timeout; if this follows an alt chord or focus switch it may reach the pane as plain esc bytes=[27]
2026-08-11T01:00:49.710731Z  WARN herdr::raw_input: flushing lone escape after input timeout; if this follows an alt chord or focus switch it may reach the pane as plain esc bytes=[27]
2026-08-11T01:00:49.710966Z  WARN herdr::raw_input: flushing lone escape after input timeout; if this follows an alt chord or focus switch it may reach the pane as plain esc bytes=[27]
2026-08-11T01:00:52.873587Z  WARN herdr::raw_input: flushing lone escape after input timeout; if this follows an alt chord or focus switch it may reach the pane as plain esc bytes=[27]
2026-08-11T01:00:52.873874Z  WARN herdr::raw_input: flushing lone escape after input timeout; if this follows an alt chord or focus switch it may reach the pane as plain esc bytes=[27]
2026-08-11T01:00:53.279386Z  WARN herdr::raw_input: flushing lone escape after input timeout; if this follows an alt chord or focus switch it may reach the pane as plain esc bytes=[27]
2026-08-11T01:00:53.279605Z  WARN herdr::raw_input: flushing lone escape after input timeout; if this follows an alt chord or focus switch it may reach the pane as plain esc bytes=[27]
2026-08-11T01:01:58.931475Z  WARN herdr::raw_input: flushing lone escape after input timeout; if this follows an alt chord or focus switch it may reach the pane as plain esc bytes=[27]
2026-08-11T01:01:58.932671Z  WARN herdr::raw_input: flushing lone escape after input timeout; if this follows an alt chord or focus switch it may reach the pane as plain esc bytes=[27]
2026-08-11T01:02:01.886475Z  WARN herdr::raw_input: flushing lone escape after input timeout; if this follows an alt chord or focus switch it may reach the pane as plain esc bytes=[27]
2026-08-11T01:02:01.886578Z  WARN herdr::raw_input: flushing lone escape after input timeout; if this follows an alt chord or focus switch it may reach the pane as plain esc bytes=[27]
2026-08-11T01:06:45.782148Z  WARN herdr::raw_input: flushing lone escape after input timeout; if this follows an alt chord or focus switch it may reach the pane as plain esc bytes=[27]
2026-08-11T01:06:45.782635Z  WARN herdr::raw_input: flushing lone escape after input timeout; if this follows an alt chord or focus switch it may reach the pane as plain esc bytes=[27]
2026-08-11T01:06:46.025742Z  WARN herdr::raw_input: flushing lone escape after input timeout; if this follows an alt chord or focus switch it may reach the pane as plain esc bytes=[27]
2026-08-11T01:06:46.025805Z  WARN herdr::raw_input: flushing lone escape after input timeout; if this follows an alt chord or focus switch it may reach the pane as plain esc bytes=[27]
2026-08-11T01:06:46.309710Z  WARN herdr::raw_input: flushing lone escape after input timeout; if this follows an alt chord or focus switch it may reach the pane as plain esc bytes=[27]
2026-08-11T01:06:46.309773Z  WARN herdr::raw_input: flushing lone escape after input timeout; if this follows an alt chord or focus switch it may reach the pane as plain esc bytes=[27]
2026-08-11T01:06:46.817138Z  WARN herdr::raw_input: flushing lone escape after input timeout; if this follows an alt chord or focus switch it may reach the pane as plain esc bytes=[27]
2026-08-11T01:06:46.817187Z  WARN herdr::raw_input: flushing lone escape after input timeout; if this follows an alt chord or focus switch it may reach the pane as plain esc bytes=[27]
2026-08-11T01:06:59.678350Z  WARN herdr::raw_input: flushing lone escape after input timeout; if this follows an alt chord or focus switch it may reach the pane as plain esc bytes=[27]
2026-08-11T01:06:59.679255Z  WARN herdr::raw_input: flushing lone escape after input timeout; if this follows an alt chord or focus switch it may reach the pane as plain esc bytes=[27]
2026-08-11T01:07:05.209763Z  WARN herdr::raw_input: flushing lone escape after input timeout; if this follows an alt chord or focus switch it may reach the pane as plain esc bytes=[27]
2026-08-11T01:07:05.209957Z  WARN herdr::raw_input: flushing lone escape after input timeout; if this follows an alt chord or focus switch it may reach the pane as plain esc bytes=[27]
2026-08-11T01:07:06.215845Z  WARN herdr::raw_input: flushing lone escape after input timeout; if this follows an alt chord or focus switch it may reach the pane as plain esc bytes=[27]
2026-08-11T01:07:06.216090Z  WARN herdr::raw_input: flushing lone escape after input timeout; if this follows an alt chord or focus switch it may reach the pane as plain esc bytes=[27]
2026-08-11T01:07:06.466365Z  WARN herdr::raw_input: flushing lone escape after input timeout; if this follows an alt chord or focus switch it may reach the pane as plain esc bytes=[27]
2026-08-11T01:07:06.466516Z  WARN herdr::raw_input: flushing lone escape after input timeout; if this follows an alt chord or focus switch it may reach the pane as plain esc bytes=[27]
2026-08-11T01:07:27.844734Z  WARN herdr::raw_input: flushing lone escape after input timeout; if this follows an alt chord or focus switch it may reach the pane as plain esc bytes=[27]
2026-08-11T01:07:27.844946Z  WARN herdr::raw_input: flushing lone escape after input timeout; if this follows an alt chord or focus switch it may reach the pane as plain esc bytes=[27]
2026-08-11T01:07:31.890039Z  WARN herdr::raw_input: flushing lone escape after input timeout; if this follows an alt chord or focus switch it may reach the pane as plain esc bytes=[27]
2026-08-11T01:07:31.891269Z  WARN herdr::raw_input: flushing lone escape after input timeout; if this follows an alt chord or focus switch it may reach the pane as plain esc bytes=[27]
2026-08-11T01:19:33.331301Z  WARN herdr::raw_input: flushing lone escape after input timeout; if this follows an alt chord or focus switch it may reach the pane as plain esc bytes=[27]
2026-08-11T01:19:33.332498Z  WARN herdr::raw_input: flushing lone escape after input timeout; if this follows an alt chord or focus switch it may reach the pane as plain esc bytes=[27]
2026-08-11T01:19:33.841976Z  WARN herdr::raw_input: flushing lone escape after input timeout; if this follows an alt chord or focus switch it may reach the pane as plain esc bytes=[27]
2026-08-11T01:19:33.842064Z  WARN herdr::raw_input: flushing lone escape after input timeout; if this follows an alt chord or focus switch it may reach the pane as plain esc bytes=[27]
2026-08-11T01:19:42.992650Z  WARN herdr::raw_input: flushing lone escape after input timeout; if this follows an alt chord or focus switch it may reach the pane as plain esc bytes=[27]
2026-08-11T01:19:42.992905Z  WARN herdr::raw_input: flushing lone escape after input timeout; if this follows an alt chord or focus switch it may reach the pane as plain esc bytes=[27]
2026-08-11T01:19:49.295573Z  WARN herdr::raw_input: flushing lone escape after input timeout; if this follows an alt chord or focus switch it may reach the pane as plain esc bytes=[27]
2026-08-11T01:19:49.295876Z  WARN herdr::raw_input: flushing lone escape after input timeout; if this follows an alt chord or focus switch it may reach the pane as plain esc bytes=[27]
2026-08-11T02:17:29.070401Z  WARN herdr::raw_input: flushing lone escape after input timeout; if this follows an alt chord or focus switch it may reach the pane as plain esc bytes=[27]
2026-08-11T02:17:29.071762Z  WARN herdr::raw_input: flushing lone escape after input timeout; if this follows an alt chord or focus switch it may reach the pane as plain esc bytes=[27]
2026-08-11T04:50:15.917569Z  WARN herdr::raw_input: flushing lone escape after input timeout; if this follows an alt chord or focus switch it may reach the pane as plain esc bytes=[27]
2026-08-11T04:50:15.919209Z  WARN herdr::raw_input: flushing lone escape after input timeout; if this follows an alt chord or focus switch it may reach the pane as plain esc bytes=[27]
2026-08-11T06:33:53.086477Z  WARN herdr::raw_input: flushing lone escape after input timeout; if this follows an alt chord or focus switch it may reach the pane as plain esc bytes=[27]
2026-08-11T06:33:53.086902Z  WARN herdr::raw_input: flushing lone escape after input timeout; if this follows an alt chord or focus switch it may reach the pane as plain esc bytes=[27]
2026-08-11T06:33:55.968352Z  WARN herdr::raw_input: flushing lone escape after input timeout; if this follows an alt chord or focus switch it may reach the pane as plain esc bytes=[27]
2026-08-11T06:33:55.968587Z  WARN herdr::raw_input: flushing lone escape after input timeout; if this follows an alt chord or focus switch it may reach the pane as plain esc bytes=[27]
2026-08-11T06:34:06.300342Z  WARN herdr::raw_input: flushing lone escape after input timeout; if this follows an alt chord or focus switch it may reach the pane as plain esc bytes=[27]
2026-08-11T06:34:06.301649Z  WARN herdr::raw_input: flushing lone escape after input timeout; if this follows an alt chord or focus switch it may reach the pane as plain esc bytes=[27]
2026-08-11T06:34:18.748884Z  WARN herdr::raw_input: flushing lone escape after input timeout; if this follows an alt chord or focus switch it may reach the pane as plain esc bytes=[27]
2026-08-11T06:34:18.749192Z  WARN herdr::raw_input: flushing lone escape after input timeout; if this follows an alt chord or focus switch it may reach the pane as plain esc bytes=[27]
2026-08-11T06:34:19.122788Z  WARN herdr::raw_input: flushing lone escape after input timeout; if this follows an alt chord or focus switch it may reach the pane as plain esc bytes=[27]
2026-08-11T06:34:19.122838Z  WARN herdr::raw_input: flushing lone escape after input timeout; if this follows an alt chord or focus switch it may reach the pane as plain esc bytes=[27]
2026-08-11T06:34:21.421354Z  WARN herdr::raw_input: flushing lone escape after input timeout; if this follows an alt chord or focus switch it may reach the pane as plain esc bytes=[27]
2026-08-11T06:34:21.421591Z  WARN herdr::raw_input: flushing lone escape after input timeout; if this follows an alt chord or focus switch it may reach the pane as plain esc bytes=[27]
2026-08-11T06:34:52.052893Z  WARN herdr::raw_input: flushing lone escape after input timeout; if this follows an alt chord or focus switch it may reach the pane as plain esc bytes=[27]
2026-08-11T06:34:52.053741Z  WARN herdr::raw_input: flushing lone escape after input timeout; if this follows an alt chord or focus switch it may reach the pane as plain esc bytes=[27]
2026-08-11T06:35:18.388827Z  WARN herdr::raw_input: flushing lone escape after input timeout; if this follows an alt chord or focus switch it may reach the pane as plain esc bytes=[27]
2026-08-11T06:35:18.390038Z  WARN herdr::raw_input: flushing lone escape after input timeout; if this follows an alt chord or focus switch it may reach the pane as plain esc bytes=[27]
2026-08-11T06:38:08.606596Z  WARN herdr::raw_input: flushing lone escape after input timeout; if this follows an alt chord or focus switch it may reach the pane as plain esc bytes=[27]
2026-08-11T06:38:08.607111Z  WARN herdr::raw_input: flushing lone escape after input timeout; if this follows an alt chord or focus switch it may reach the pane as plain esc bytes=[27]
2026-08-11T06:50:21.605093Z  WARN herdr::raw_input: flushing lone escape after input timeout; if this follows an alt chord or focus switch it may reach the pane as plain esc bytes=[27]
2026-08-11T06:50:21.606800Z  WARN herdr::raw_input: flushing lone escape after input timeout; if this follows an alt chord or focus switch it may reach the pane as plain esc bytes=[27]
2026-08-11T06:50:48.273620Z  WARN herdr::raw_input: flushing lone escape after input timeout; if this follows an alt chord or focus switch it may reach the pane as plain esc bytes=[27]
2026-08-11T06:50:48.274755Z  WARN herdr::raw_input: flushing lone escape after input timeout; if this follows an alt chord or focus switch it may reach the pane as plain esc bytes=[27]
2026-08-11T07:27:09.259357Z  WARN herdr::raw_input: flushing lone escape after input timeout; if this follows an alt chord or focus switch it may reach the pane as plain esc bytes=[27]
2026-08-11T07:27:09.260759Z  WARN herdr::raw_input: flushing lone escape after input timeout; if this follows an alt chord or focus switch it may reach the pane as plain esc bytes=[27]
2026-08-11T07:27:19.382767Z  WARN herdr::raw_input: flushing lone escape after input timeout; if this follows an alt chord or focus switch it may reach the pane as plain esc bytes=[27]
2026-08-11T07:27:19.383573Z  WARN herdr::raw_input: flushing lone escape after input timeout; if this follows an alt chord or focus switch it may reach the pane as plain esc bytes=[27]
2026-08-11T07:27:20.689639Z  WARN herdr::raw_input: flushing lone escape after input timeout; if this follows an alt chord or focus switch it may reach the pane as plain esc bytes=[27]
2026-08-11T07:27:20.689822Z  WARN herdr::raw_input: flushing lone escape after input timeout; if this follows an alt chord or focus switch it may reach the pane as plain esc bytes=[27]
2026-08-11T07:27:23.112703Z  WARN herdr::raw_input: flushing lone escape after input timeout; if this follows an alt chord or focus switch it may reach the pane as plain esc bytes=[27]
2026-08-11T07:27:23.113427Z  WARN herdr::raw_input: flushing lone escape after input timeout; if this follows an alt chord or focus switch it may reach the pane as plain esc bytes=[27]
2026-08-11T07:48:41.034465Z  WARN herdr::raw_input: flushing lone escape after input timeout; if this follows an alt chord or focus switch it may reach the pane as plain esc bytes=[27]
2026-08-11T07:48:41.035376Z  WARN herdr::raw_input: flushing lone escape after input timeout; if this follows an alt chord or focus switch it may reach the pane as plain esc bytes=[27]
2026-08-11T07:48:45.080008Z  WARN herdr::raw_input: flushing lone escape after input timeout; if this follows an alt chord or focus switch it may reach the pane as plain esc bytes=[27]
2026-08-11T07:48:45.080261Z  WARN herdr::raw_input: flushing lone escape after input timeout; if this follows an alt chord or focus switch it may reach the pane as plain esc bytes=[27]
2026-08-11T09:46:52.259354Z  WARN herdr::raw_input: flushing lone escape after input timeout; if this follows an alt chord or focus switch it may reach the pane as plain esc bytes=[27]
2026-08-11T09:46:52.260406Z  WARN herdr::raw_input: flushing lone escape after input timeout; if this follows an alt chord or focus switch it may reach the pane as plain esc bytes=[27]
2026-08-11T10:06:46.022207Z  WARN herdr::raw_input: flushing lone escape after input timeout; if this follows an alt chord or focus switch it may reach the pane as plain esc bytes=[27]
2026-08-11T10:06:46.023780Z  WARN herdr::raw_input: flushing lone escape after input timeout; if this follows an alt chord or focus switch it may reach the pane as plain esc bytes=[27]
2026-08-11T10:18:10.910073Z  WARN herdr::raw_input: flushing lone escape after input timeout; if this follows an alt chord or focus switch it may reach the pane as plain esc bytes=[27]
2026-08-11T10:18:10.911409Z  WARN herdr::raw_input: flushing lone escape after input timeout; if this follows an alt chord or focus switch it may reach the pane as plain esc bytes=[27]
2026-08-11T10:18:58.953148Z  WARN herdr::raw_input: flushing lone escape after input timeout; if this follows an alt chord or focus switch it may reach the pane as plain esc bytes=[27]
2026-08-11T10:18:58.954283Z  WARN herdr::raw_input: flushing lone escape after input timeout; if this follows an alt chord or focus switch it may reach the pane as plain esc bytes=[27]
2026-08-11T10:19:34.004451Z  WARN herdr::raw_input: flushing lone escape after input timeout; if this follows an alt chord or focus switch it may reach the pane as plain esc bytes=[27]
2026-08-11T10:19:34.005615Z  WARN herdr::raw_input: flushing lone escape after input timeout; if this follows an alt chord or focus switch it may reach the pane as plain esc bytes=[27]
2026-08-11T10:20:23.548309Z  WARN herdr::raw_input: flushing lone escape after input timeout; if this follows an alt chord or focus switch it may reach the pane as plain esc bytes=[27]
2026-08-11T10:20:23.549168Z  WARN herdr::raw_input: flushing lone escape after input timeout; if this follows an alt chord or focus switch it may reach the pane as plain esc bytes=[27]
2026-08-11T10:20:48.503331Z  WARN herdr::raw_input: flushing lone escape after input timeout; if this follows an alt chord or focus switch it may reach the pane as plain esc bytes=[27]
2026-08-11T10:20:48.504570Z  WARN herdr::raw_input: flushing lone escape after input timeout; if this follows an alt chord or focus switch it may reach the pane as plain esc bytes=[27]
2026-08-11T14:12:59.575998Z  WARN herdr::raw_input: flushing lone escape after input timeout; if this follows an alt chord or focus switch it may reach the pane as plain esc bytes=[27]
2026-08-11T14:12:59.577510Z  WARN herdr::raw_input: flushing lone escape after input timeout; if this follows an alt chord or focus switch it may reach the pane as plain esc bytes=[27]
2026-08-11T15:23:21.035587Z  WARN herdr::raw_input: flushing lone escape after input timeout; if this follows an alt chord or focus switch it may reach the pane as plain esc bytes=[27]
2026-08-11T15:23:21.038216Z  WARN herdr::raw_input: flushing lone escape after input timeout; if this follows an alt chord or focus switch it may reach the pane as plain esc bytes=[27]
2026-08-11T23:42:32.115179Z  INFO herdr::logging: herdr exiting event="app.shutdown" subsystem="client" outcome="completed" pid=1160
2026-08-11T23:42:39.669779Z  INFO herdr::logging: herdr starting event="app.startup" subsystem="client" outcome="started" pid=20787
2026-08-11T23:42:39.670028Z  INFO herdr::client: connecting to server path=/Users/macos/.config/herdr/herdr-client.sock
2026-08-11T23:42:39.839183Z  INFO herdr::client: handshake succeeded version=19 encoding=SemanticFrame
2026-08-12T00:14:29.881527Z  WARN herdr::raw_input: flushing lone escape after input timeout; if this follows an alt chord or focus switch it may reach the pane as plain esc bytes=[27]
2026-08-12T00:14:29.882905Z  WARN herdr::raw_input: flushing lone escape after input timeout; if this follows an alt chord or focus switch it may reach the pane as plain esc bytes=[27]
2026-08-12T00:14:30.347268Z  WARN herdr::raw_input: flushing lone escape after input timeout; if this follows an alt chord or focus switch it may reach the pane as plain esc bytes=[27]
2026-08-12T00:14:30.347370Z  WARN herdr::raw_input: flushing lone escape after input timeout; if this follows an alt chord or focus switch it may reach the pane as plain esc bytes=[27]
2026-08-12T00:14:54.790787Z  WARN herdr::raw_input: flushing lone escape after input timeout; if this follows an alt chord or focus switch it may reach the pane as plain esc bytes=[27]
2026-08-12T00:14:54.791358Z  WARN herdr::raw_input: flushing lone escape after input timeout; if this follows an alt chord or focus switch it may reach the pane as plain esc bytes=[27]
2026-08-12T00:16:17.436865Z  WARN herdr::raw_input: flushing lone escape after input timeout; if this follows an alt chord or focus switch it may reach the pane as plain esc bytes=[27]
2026-08-12T00:16:17.437538Z  WARN herdr::raw_input: flushing lone escape after input timeout; if this follows an alt chord or focus switch it may reach the pane as plain esc bytes=[27]
2026-08-12T00:16:29.832739Z  WARN herdr::raw_input: flushing lone escape after input timeout; if this follows an alt chord or focus switch it may reach the pane as plain esc bytes=[27]
2026-08-12T00:16:29.833743Z  WARN herdr::raw_input: flushing lone escape after input timeout; if this follows an alt chord or focus switch it may reach the pane as plain esc bytes=[27]
2026-08-12T00:16:35.335924Z  WARN herdr::raw_input: flushing lone escape after input timeout; if this follows an alt chord or focus switch it may reach the pane as plain esc bytes=[27]
2026-08-12T00:16:35.336189Z  WARN herdr::raw_input: flushing lone escape after input timeout; if this follows an alt chord or focus switch it may reach the pane as plain esc bytes=[27]
2026-08-12T00:20:03.462896Z  WARN herdr::raw_input: flushing lone escape after input timeout; if this follows an alt chord or focus switch it may reach the pane as plain esc bytes=[27]
2026-08-12T00:20:03.463278Z  WARN herdr::raw_input: flushing lone escape after input timeout; if this follows an alt chord or focus switch it may reach the pane as plain esc bytes=[27]
2026-08-12T00:20:14.114038Z  WARN herdr::raw_input: flushing lone escape after input timeout; if this follows an alt chord or focus switch it may reach the pane as plain esc bytes=[27]
2026-08-12T00:20:14.115360Z  WARN herdr::raw_input: flushing lone escape after input timeout; if this follows an alt chord or focus switch it may reach the pane as plain esc bytes=[27]
2026-08-12T01:56:44.123392Z  WARN herdr::raw_input: flushing lone escape after input timeout; if this follows an alt chord or focus switch it may reach the pane as plain esc bytes=[27]
2026-08-12T01:56:44.124590Z  WARN herdr::raw_input: flushing lone escape after input timeout; if this follows an alt chord or focus switch it may reach the pane as plain esc bytes=[27]
2026-08-12T02:12:27.265772Z  WARN herdr::raw_input: flushing lone escape after input timeout; if this follows an alt chord or focus switch it may reach the pane as plain esc bytes=[27]
2026-08-12T02:12:27.266931Z  WARN herdr::raw_input: flushing lone escape after input timeout; if this follows an alt chord or focus switch it may reach the pane as plain esc bytes=[27]
2026-08-12T02:13:16.270922Z  WARN herdr::raw_input: flushing lone escape after input timeout; if this follows an alt chord or focus switch it may reach the pane as plain esc bytes=[27]
2026-08-12T02:13:16.271539Z  WARN herdr::raw_input: flushing lone escape after input timeout; if this follows an alt chord or focus switch it may reach the pane as plain esc bytes=[27]
2026-08-12T02:13:27.668658Z  WARN herdr::raw_input: flushing lone escape after input timeout; if this follows an alt chord or focus switch it may reach the pane as plain esc bytes=[27]
2026-08-12T02:13:27.669108Z  WARN herdr::raw_input: flushing lone escape after input timeout; if this follows an alt chord or focus switch it may reach the pane as plain esc bytes=[27]
2026-08-12T02:13:27.986787Z  WARN herdr::raw_input: flushing lone escape after input timeout; if this follows an alt chord or focus switch it may reach the pane as plain esc bytes=[27]
2026-08-12T02:13:27.986947Z  WARN herdr::raw_input: flushing lone escape after input timeout; if this follows an alt chord or focus switch it may reach the pane as plain esc bytes=[27]
2026-08-12T03:04:13.494434Z  WARN herdr::raw_input: flushing lone escape after input timeout; if this follows an alt chord or focus switch it may reach the pane as plain esc bytes=[27]
2026-08-12T03:04:13.495314Z  WARN herdr::raw_input: flushing lone escape after input timeout; if this follows an alt chord or focus switch it may reach the pane as plain esc bytes=[27]
2026-08-12T03:05:08.152293Z  WARN herdr::raw_input: flushing lone escape after input timeout; if this follows an alt chord or focus switch it may reach the pane as plain esc bytes=[27]
2026-08-12T03:05:08.152632Z  WARN herdr::raw_input: flushing lone escape after input timeout; if this follows an alt chord or focus switch it may reach the pane as plain esc bytes=[27]
2026-08-12T03:05:09.746320Z  WARN herdr::raw_input: flushing lone escape after input timeout; if this follows an alt chord or focus switch it may reach the pane as plain esc bytes=[27]
2026-08-12T03:05:09.746591Z  WARN herdr::raw_input: flushing lone escape after input timeout; if this follows an alt chord or focus switch it may reach the pane as plain esc bytes=[27]
2026-08-12T03:16:37.219675Z  WARN herdr::raw_input: flushing lone escape after input timeout; if this follows an alt chord or focus switch it may reach the pane as plain esc bytes=[27]
2026-08-12T03:16:37.220170Z  WARN herdr::raw_input: flushing lone escape after input timeout; if this follows an alt chord or focus switch it may reach the pane as plain esc bytes=[27]
2026-08-12T03:20:27.448071Z  WARN herdr::raw_input: flushing lone escape after input timeout; if this follows an alt chord or focus switch it may reach the pane as plain esc bytes=[27]
2026-08-12T03:20:27.449043Z  WARN herdr::raw_input: flushing lone escape after input timeout; if this follows an alt chord or focus switch it may reach the pane as plain esc bytes=[27]
2026-08-12T04:20:14.858416Z  WARN herdr::raw_input: flushing lone escape after input timeout; if this follows an alt chord or focus switch it may reach the pane as plain esc bytes=[27]
2026-08-12T04:20:14.858941Z  WARN herdr::raw_input: flushing lone escape after input timeout; if this follows an alt chord or focus switch it may reach the pane as plain esc bytes=[27]
2026-08-12T04:27:52.151104Z  WARN herdr::raw_input: flushing lone escape after input timeout; if this follows an alt chord or focus switch it may reach the pane as plain esc bytes=[27]
2026-08-12T04:27:52.152019Z  WARN herdr::raw_input: flushing lone escape after input timeout; if this follows an alt chord or focus switch it may reach the pane as plain esc bytes=[27]
2026-08-12T04:27:52.339543Z  WARN herdr::raw_input: flushing lone escape after input timeout; if this follows an alt chord or focus switch it may reach the pane as plain esc bytes=[27]
2026-08-12T04:27:52.339680Z  WARN herdr::raw_input: flushing lone escape after input timeout; if this follows an alt chord or focus switch it may reach the pane as plain esc bytes=[27]
2026-08-12T04:27:52.510449Z  WARN herdr::raw_input: flushing lone escape after input timeout; if this follows an alt chord or focus switch it may reach the pane as plain esc bytes=[27]
2026-08-12T04:27:52.510589Z  WARN herdr::raw_input: flushing lone escape after input timeout; if this follows an alt chord or focus switch it may reach the pane as plain esc bytes=[27]
2026-08-12T04:27:52.701309Z  WARN herdr::raw_input: flushing lone escape after input timeout; if this follows an alt chord or focus switch it may reach the pane as plain esc bytes=[27]
2026-08-12T04:27:52.701468Z  WARN herdr::raw_input: flushing lone escape after input timeout; if this follows an alt chord or focus switch it may reach the pane as plain esc bytes=[27]
2026-08-12T04:27:52.935871Z  WARN herdr::raw_input: flushing lone escape after input timeout; if this follows an alt chord or focus switch it may reach the pane as plain esc bytes=[27]
2026-08-12T04:27:52.935978Z  WARN herdr::raw_input: flushing lone escape after input timeout; if this follows an alt chord or focus switch it may reach the pane as plain esc bytes=[27]
2026-08-12T04:27:53.126634Z  WARN herdr::raw_input: flushing lone escape after input timeout; if this follows an alt chord or focus switch it may reach the pane as plain esc bytes=[27]
2026-08-12T04:27:53.126740Z  WARN herdr::raw_input: flushing lone escape after input timeout; if this follows an alt chord or focus switch it may reach the pane as plain esc bytes=[27]
2026-08-12T04:27:53.500328Z  WARN herdr::raw_input: flushing lone escape after input timeout; if this follows an alt chord or focus switch it may reach the pane as plain esc bytes=[27]
2026-08-12T04:27:53.500546Z  WARN herdr::raw_input: flushing lone escape after input timeout; if this follows an alt chord or focus switch it may reach the pane as plain esc bytes=[27]
2026-08-12T04:27:53.759790Z  WARN herdr::raw_input: flushing lone escape after input timeout; if this follows an alt chord or focus switch it may reach the pane as plain esc bytes=[27]
2026-08-12T04:27:53.760019Z  WARN herdr::raw_input: flushing lone escape after input timeout; if this follows an alt chord or focus switch it may reach the pane as plain esc bytes=[27]
2026-08-12T04:27:53.973656Z  WARN herdr::raw_input: flushing lone escape after input timeout; if this follows an alt chord or focus switch it may reach the pane as plain esc bytes=[27]
2026-08-12T04:27:53.973908Z  WARN herdr::raw_input: flushing lone escape after input timeout; if this follows an alt chord or focus switch it may reach the pane as plain esc bytes=[27]
2026-08-12T04:27:54.177808Z  WARN herdr::raw_input: flushing lone escape after input timeout; if this follows an alt chord or focus switch it may reach the pane as plain esc bytes=[27]
2026-08-12T04:27:54.177993Z  WARN herdr::raw_input: flushing lone escape after input timeout; if this follows an alt chord or focus switch it may reach the pane as plain esc bytes=[27]
2026-08-12T04:27:54.426161Z  WARN herdr::raw_input: flushing lone escape after input timeout; if this follows an alt chord or focus switch it may reach the pane as plain esc bytes=[27]
2026-08-12T04:27:54.426278Z  WARN herdr::raw_input: flushing lone escape after input timeout; if this follows an alt chord or focus switch it may reach the pane as plain esc bytes=[27]
2026-08-12T04:27:54.652462Z  WARN herdr::raw_input: flushing lone escape after input timeout; if this follows an alt chord or focus switch it may reach the pane as plain esc bytes=[27]
2026-08-12T04:27:54.652614Z  WARN herdr::raw_input: flushing lone escape after input timeout; if this follows an alt chord or focus switch it may reach the pane as plain esc bytes=[27]
2026-08-12T04:27:56.059426Z  WARN herdr::raw_input: flushing lone escape after input timeout; if this follows an alt chord or focus switch it may reach the pane as plain esc bytes=[27]
2026-08-12T04:27:56.059651Z  WARN herdr::raw_input: flushing lone escape after input timeout; if this follows an alt chord or focus switch it may reach the pane as plain esc bytes=[27]
2026-08-12T04:27:56.445943Z  WARN herdr::raw_input: flushing lone escape after input timeout; if this follows an alt chord or focus switch it may reach the pane as plain esc bytes=[27]
2026-08-12T04:27:56.446200Z  WARN herdr::raw_input: flushing lone escape after input timeout; if this follows an alt chord or focus switch it may reach the pane as plain esc bytes=[27]
2026-08-12T04:27:57.032814Z  WARN herdr::raw_input: flushing lone escape after input timeout; if this follows an alt chord or focus switch it may reach the pane as plain esc bytes=[27]
2026-08-12T04:27:57.033016Z  WARN herdr::raw_input: flushing lone escape after input timeout; if this follows an alt chord or focus switch it may reach the pane as plain esc bytes=[27]
2026-08-12T04:28:29.273271Z  WARN herdr::raw_input: flushing lone escape after input timeout; if this follows an alt chord or focus switch it may reach the pane as plain esc bytes=[27]
2026-08-12T04:28:29.274631Z  WARN herdr::raw_input: flushing lone escape after input timeout; if this follows an alt chord or focus switch it may reach the pane as plain esc bytes=[27]
2026-08-12T04:28:31.203807Z  WARN herdr::raw_input: flushing lone escape after input timeout; if this follows an alt chord or focus switch it may reach the pane as plain esc bytes=[27]
2026-08-12T04:28:31.203992Z  WARN herdr::raw_input: flushing lone escape after input timeout; if this follows an alt chord or focus switch it may reach the pane as plain esc bytes=[27]
2026-08-12T04:28:39.618108Z  WARN herdr::raw_input: flushing lone escape after input timeout; if this follows an alt chord or focus switch it may reach the pane as plain esc bytes=[27]
2026-08-12T04:28:39.619331Z  WARN herdr::raw_input: flushing lone escape after input timeout; if this follows an alt chord or focus switch it may reach the pane as plain esc bytes=[27]
2026-08-12T04:29:21.221003Z  WARN herdr::raw_input: flushing lone escape after input timeout; if this follows an alt chord or focus switch it may reach the pane as plain esc bytes=[27]
2026-08-12T04:29:21.221518Z  WARN herdr::raw_input: flushing lone escape after input timeout; if this follows an alt chord or focus switch it may reach the pane as plain esc bytes=[27]
2026-08-12T04:29:22.903336Z  WARN herdr::raw_input: flushing lone escape after input timeout; if this follows an alt chord or focus switch it may reach the pane as plain esc bytes=[27]
2026-08-12T04:29:22.903491Z  WARN herdr::raw_input: flushing lone escape after input timeout; if this follows an alt chord or focus switch it may reach the pane as plain esc bytes=[27]
2026-08-12T04:29:31.437264Z  WARN herdr::raw_input: flushing lone escape after input timeout; if this follows an alt chord or focus switch it may reach the pane as plain esc bytes=[27]
2026-08-12T04:29:31.438207Z  WARN herdr::raw_input: flushing lone escape after input timeout; if this follows an alt chord or focus switch it may reach the pane as plain esc bytes=[27]
2026-08-12T04:29:31.724071Z  WARN herdr::raw_input: flushing lone escape after input timeout; if this follows an alt chord or focus switch it may reach the pane as plain esc bytes=[27]
2026-08-12T04:29:31.724260Z  WARN herdr::raw_input: flushing lone escape after input timeout; if this follows an alt chord or focus switch it may reach the pane as plain esc bytes=[27]
2026-08-12T06:56:01.030358Z  WARN herdr::raw_input: flushing lone escape after input timeout; if this follows an alt chord or focus switch it may reach the pane as plain esc bytes=[27]
2026-08-12T06:56:01.032740Z  WARN herdr::raw_input: flushing lone escape after input timeout; if this follows an alt chord or focus switch it may reach the pane as plain esc bytes=[27]
2026-08-12T08:37:29.468051Z  WARN herdr::raw_input: flushing lone escape after input timeout; if this follows an alt chord or focus switch it may reach the pane as plain esc bytes=[27]
2026-08-12T08:37:29.468833Z  WARN herdr::raw_input: flushing lone escape after input timeout; if this follows an alt chord or focus switch it may reach the pane as plain esc bytes=[27]
2026-08-12T08:37:33.510712Z  WARN herdr::raw_input: flushing lone escape after input timeout; if this follows an alt chord or focus switch it may reach the pane as plain esc bytes=[27]
2026-08-12T08:37:33.510915Z  WARN herdr::raw_input: flushing lone escape after input timeout; if this follows an alt chord or focus switch it may reach the pane as plain esc bytes=[27]
2026-08-12T08:53:07.368873Z  WARN herdr::raw_input: flushing lone escape after input timeout; if this follows an alt chord or focus switch it may reach the pane as plain esc bytes=[27]
2026-08-12T08:53:07.370161Z  WARN herdr::raw_input: flushing lone escape after input timeout; if this follows an alt chord or focus switch it may reach the pane as plain esc bytes=[27]
2026-08-12T08:53:35.470564Z  WARN herdr::raw_input: flushing lone escape after input timeout; if this follows an alt chord or focus switch it may reach the pane as plain esc bytes=[27]
2026-08-12T08:53:35.471207Z  WARN herdr::raw_input: flushing lone escape after input timeout; if this follows an alt chord or focus switch it may reach the pane as plain esc bytes=[27]
2026-08-12T08:53:41.550293Z  WARN herdr::raw_input: flushing lone escape after input timeout; if this follows an alt chord or focus switch it may reach the pane as plain esc bytes=[27]
2026-08-12T08:53:41.551555Z  WARN herdr::raw_input: flushing lone escape after input timeout; if this follows an alt chord or focus switch it may reach the pane as plain esc bytes=[27]
2026-08-12T08:53:52.764366Z  WARN herdr::raw_input: flushing lone escape after input timeout; if this follows an alt chord or focus switch it may reach the pane as plain esc bytes=[27]
2026-08-12T08:53:52.765686Z  WARN herdr::raw_input: flushing lone escape after input timeout; if this follows an alt chord or focus switch it may reach the pane as plain esc bytes=[27]
2026-08-12T09:21:07.293285Z  WARN herdr::raw_input: flushing lone escape after input timeout; if this follows an alt chord or focus switch it may reach the pane as plain esc bytes=[27]
2026-08-12T09:21:07.293713Z  WARN herdr::raw_input: flushing lone escape after input timeout; if this follows an alt chord or focus switch it may reach the pane as plain esc bytes=[27]
2026-08-12T09:21:15.811085Z  WARN herdr::raw_input: flushing lone escape after input timeout; if this follows an alt chord or focus switch it may reach the pane as plain esc bytes=[27]
2026-08-12T09:21:15.811244Z  WARN herdr::raw_input: flushing lone escape after input timeout; if this follows an alt chord or focus switch it may reach the pane as plain esc bytes=[27]
2026-08-12T09:22:05.262131Z  WARN herdr::raw_input: flushing lone escape after input timeout; if this follows an alt chord or focus switch it may reach the pane as plain esc bytes=[27]
2026-08-12T09:22:05.262323Z  WARN herdr::raw_input: flushing lone escape after input timeout; if this follows an alt chord or focus switch it may reach the pane as plain esc bytes=[27]
2026-08-12T09:24:55.837086Z  WARN herdr::raw_input: flushing lone escape after input timeout; if this follows an alt chord or focus switch it may reach the pane as plain esc bytes=[27]
2026-08-12T09:24:55.837913Z  WARN herdr::raw_input: flushing lone escape after input timeout; if this follows an alt chord or focus switch it may reach the pane as plain esc bytes=[27]
2026-08-12T09:25:13.424411Z  WARN herdr::raw_input: flushing lone escape after input timeout; if this follows an alt chord or focus switch it may reach the pane as plain esc bytes=[27]
2026-08-12T09:25:13.425676Z  WARN herdr::raw_input: flushing lone escape after input timeout; if this follows an alt chord or focus switch it may reach the pane as plain esc bytes=[27]
2026-08-12T09:26:18.339049Z  WARN herdr::raw_input: flushing lone escape after input timeout; if this follows an alt chord or focus switch it may reach the pane as plain esc bytes=[27]
2026-08-12T09:26:18.341173Z  WARN herdr::raw_input: flushing lone escape after input timeout; if this follows an alt chord or focus switch it may reach the pane as plain esc bytes=[27]
2026-08-12T09:27:05.960710Z  WARN herdr::raw_input: flushing lone escape after input timeout; if this follows an alt chord or focus switch it may reach the pane as plain esc bytes=[27]
2026-08-12T09:27:05.961908Z  WARN herdr::raw_input: flushing lone escape after input timeout; if this follows an alt chord or focus switch it may reach the pane as plain esc bytes=[27]
2026-08-12T09:28:32.954858Z  WARN herdr::raw_input: flushing lone escape after input timeout; if this follows an alt chord or focus switch it may reach the pane as plain esc bytes=[27]
2026-08-12T09:28:32.956549Z  WARN herdr::raw_input: flushing lone escape after input timeout; if this follows an alt chord or focus switch it may reach the pane as plain esc bytes=[27]
2026-08-12T09:29:37.452219Z  WARN herdr::raw_input: flushing lone escape after input timeout; if this follows an alt chord or focus switch it may reach the pane as plain esc bytes=[27]
2026-08-12T09:29:37.453338Z  WARN herdr::raw_input: flushing lone escape after input timeout; if this follows an alt chord or focus switch it may reach the pane as plain esc bytes=[27]
2026-08-12T09:29:55.756193Z  WARN herdr::raw_input: flushing lone escape after input timeout; if this follows an alt chord or focus switch it may reach the pane as plain esc bytes=[27]
2026-08-12T09:29:55.756671Z  WARN herdr::raw_input: flushing lone escape after input timeout; if this follows an alt chord or focus switch it may reach the pane as plain esc bytes=[27]
2026-08-12T09:30:20.586861Z  WARN herdr::raw_input: flushing lone escape after input timeout; if this follows an alt chord or focus switch it may reach the pane as plain esc bytes=[27]
2026-08-12T09:30:20.587216Z  WARN herdr::raw_input: flushing lone escape after input timeout; if this follows an alt chord or focus switch it may reach the pane as plain esc bytes=[27]
2026-08-12T09:30:23.313320Z  WARN herdr::raw_input: flushing lone escape after input timeout; if this follows an alt chord or focus switch it may reach the pane as plain esc bytes=[27]
2026-08-12T09:30:23.313516Z  WARN herdr::raw_input: flushing lone escape after input timeout; if this follows an alt chord or focus switch it may reach the pane as plain esc bytes=[27]
2026-08-12T09:30:29.707059Z  WARN herdr::raw_input: flushing lone escape after input timeout; if this follows an alt chord or focus switch it may reach the pane as plain esc bytes=[27]
2026-08-12T09:30:29.708268Z  WARN herdr::raw_input: flushing lone escape after input timeout; if this follows an alt chord or focus switch it may reach the pane as plain esc bytes=[27]
2026-08-12T09:30:30.161260Z  WARN herdr::raw_input: flushing lone escape after input timeout; if this follows an alt chord or focus switch it may reach the pane as plain esc bytes=[27]
2026-08-12T09:30:30.161565Z  WARN herdr::raw_input: flushing lone escape after input timeout; if this follows an alt chord or focus switch it may reach the pane as plain esc bytes=[27]
2026-08-12T09:30:34.450922Z  WARN herdr::raw_input: flushing lone escape after input timeout; if this follows an alt chord or focus switch it may reach the pane as plain esc bytes=[27]
2026-08-12T09:30:34.451205Z  WARN herdr::raw_input: flushing lone escape after input timeout; if this follows an alt chord or focus switch it may reach the pane as plain esc bytes=[27]
2026-08-12T09:30:34.649728Z  WARN herdr::raw_input: flushing lone escape after input timeout; if this follows an alt chord or focus switch it may reach the pane as plain esc bytes=[27]
2026-08-12T09:30:34.649945Z  WARN herdr::raw_input: flushing lone escape after input timeout; if this follows an alt chord or focus switch it may reach the pane as plain esc bytes=[27]
2026-08-12T09:30:36.233455Z  WARN herdr::raw_input: flushing lone escape after input timeout; if this follows an alt chord or focus switch it may reach the pane as plain esc bytes=[27]
2026-08-12T09:30:36.233762Z  WARN herdr::raw_input: flushing lone escape after input timeout; if this follows an alt chord or focus switch it may reach the pane as plain esc bytes=[27]
2026-08-12T09:30:36.446521Z  WARN herdr::raw_input: flushing lone escape after input timeout; if this follows an alt chord or focus switch it may reach the pane as plain esc bytes=[27]
2026-08-12T09:30:36.446748Z  WARN herdr::raw_input: flushing lone escape after input timeout; if this follows an alt chord or focus switch it may reach the pane as plain esc bytes=[27]
2026-08-12T09:30:36.636721Z  WARN herdr::raw_input: flushing lone escape after input timeout; if this follows an alt chord or focus switch it may reach the pane as plain esc bytes=[27]
2026-08-12T09:30:36.636816Z  WARN herdr::raw_input: flushing lone escape after input timeout; if this follows an alt chord or focus switch it may reach the pane as plain esc bytes=[27]
2026-08-12T09:30:36.819842Z  WARN herdr::raw_input: flushing lone escape after input timeout; if this follows an alt chord or focus switch it may reach the pane as plain esc bytes=[27]
2026-08-12T09:30:36.819933Z  WARN herdr::raw_input: flushing lone escape after input timeout; if this follows an alt chord or focus switch it may reach the pane as plain esc bytes=[27]
2026-08-12T09:30:37.033631Z  WARN herdr::raw_input: flushing lone escape after input timeout; if this follows an alt chord or focus switch it may reach the pane as plain esc bytes=[27]
2026-08-12T09:30:37.033771Z  WARN herdr::raw_input: flushing lone escape after input timeout; if this follows an alt chord or focus switch it may reach the pane as plain esc bytes=[27]
2026-08-12T09:30:37.399087Z  WARN herdr::raw_input: flushing lone escape after input timeout; if this follows an alt chord or focus switch it may reach the pane as plain esc bytes=[27]
2026-08-12T09:30:37.399293Z  WARN herdr::raw_input: flushing lone escape after input timeout; if this follows an alt chord or focus switch it may reach the pane as plain esc bytes=[27]
2026-08-12T09:30:38.201983Z  WARN herdr::raw_input: flushing lone escape after input timeout; if this follows an alt chord or focus switch it may reach the pane as plain esc bytes=[27]
2026-08-12T09:30:38.202194Z  WARN herdr::raw_input: flushing lone escape after input timeout; if this follows an alt chord or focus switch it may reach the pane as plain esc bytes=[27]
2026-08-12T09:30:38.807584Z  WARN herdr::raw_input: flushing lone escape after input timeout; if this follows an alt chord or focus switch it may reach the pane as plain esc bytes=[27]
2026-08-12T09:30:38.807726Z  WARN herdr::raw_input: flushing lone escape after input timeout; if this follows an alt chord or focus switch it may reach the pane as plain esc bytes=[27]
2026-08-12T09:30:39.030168Z  WARN herdr::raw_input: flushing lone escape after input timeout; if this follows an alt chord or focus switch it may reach the pane as plain esc bytes=[27]
2026-08-12T09:30:39.030273Z  WARN herdr::raw_input: flushing lone escape after input timeout; if this follows an alt chord or focus switch it may reach the pane as plain esc bytes=[27]
2026-08-12T09:30:39.268445Z  WARN herdr::raw_input: flushing lone escape after input timeout; if this follows an alt chord or focus switch it may reach the pane as plain esc bytes=[27]
2026-08-12T09:30:39.268644Z  WARN herdr::raw_input: flushing lone escape after input timeout; if this follows an alt chord or focus switch it may reach the pane as plain esc bytes=[27]
2026-08-12T09:30:39.543660Z  WARN herdr::raw_input: flushing lone escape after input timeout; if this follows an alt chord or focus switch it may reach the pane as plain esc bytes=[27]
2026-08-12T09:30:39.543814Z  WARN herdr::raw_input: flushing lone escape after input timeout; if this follows an alt chord or focus switch it may reach the pane as plain esc bytes=[27]
2026-08-12T09:30:39.965930Z  WARN herdr::raw_input: flushing lone escape after input timeout; if this follows an alt chord or focus switch it may reach the pane as plain esc bytes=[27]
2026-08-12T09:30:39.966142Z  WARN herdr::raw_input: flushing lone escape after input timeout; if this follows an alt chord or focus switch it may reach the pane as plain esc bytes=[27]
2026-08-12T09:30:43.188239Z  WARN herdr::raw_input: flushing lone escape after input timeout; if this follows an alt chord or focus switch it may reach the pane as plain esc bytes=[27]
2026-08-12T09:30:43.189005Z  WARN herdr::raw_input: flushing lone escape after input timeout; if this follows an alt chord or focus switch it may reach the pane as plain esc bytes=[27]
2026-08-12T09:49:42.739685Z  INFO herdr::logging: herdr exiting event="app.shutdown" subsystem="client" outcome="completed" pid=20787
2026-08-12T09:56:30.523844Z  INFO herdr::logging: herdr starting event="app.startup" subsystem="client" outcome="started" pid=90451
2026-08-12T09:56:30.524080Z  INFO herdr::client: connecting to server path=/Users/macos/.config/herdr/herdr-client.sock
2026-08-12T09:56:30.686023Z  INFO herdr::client: handshake succeeded version=19 encoding=SemanticFrame
2026-08-12T09:58:09.587834Z  WARN herdr::raw_input: flushing lone escape after input timeout; if this follows an alt chord or focus switch it may reach the pane as plain esc bytes=[27]
2026-08-12T09:58:09.588934Z  WARN herdr::raw_input: flushing lone escape after input timeout; if this follows an alt chord or focus switch it may reach the pane as plain esc bytes=[27]
2026-08-12T10:03:19.027231Z  WARN herdr::raw_input: flushing lone escape after input timeout; if this follows an alt chord or focus switch it may reach the pane as plain esc bytes=[27]
2026-08-12T10:03:19.027690Z  WARN herdr::raw_input: flushing lone escape after input timeout; if this follows an alt chord or focus switch it may reach the pane as plain esc bytes=[27]
2026-08-12T10:04:44.885844Z  WARN herdr::raw_input: flushing lone escape after input timeout; if this follows an alt chord or focus switch it may reach the pane as plain esc bytes=[27]
2026-08-12T10:04:44.887276Z  WARN herdr::raw_input: flushing lone escape after input timeout; if this follows an alt chord or focus switch it may reach the pane as plain esc bytes=[27]
2026-08-12T10:06:37.099326Z  WARN herdr::raw_input: flushing lone escape after input timeout; if this follows an alt chord or focus switch it may reach the pane as plain esc bytes=[27]
2026-08-12T10:06:37.100619Z  WARN herdr::raw_input: flushing lone escape after input timeout; if this follows an alt chord or focus switch it may reach the pane as plain esc bytes=[27]
2026-08-12T10:06:45.443401Z  WARN herdr::raw_input: flushing lone escape after input timeout; if this follows an alt chord or focus switch it may reach the pane as plain esc bytes=[27]
2026-08-12T10:06:45.444730Z  WARN herdr::raw_input: flushing lone escape after input timeout; if this follows an alt chord or focus switch it may reach the pane as plain esc bytes=[27]
2026-08-12T10:06:45.800802Z  WARN herdr::raw_input: flushing lone escape after input timeout; if this follows an alt chord or focus switch it may reach the pane as plain esc bytes=[27]
2026-08-12T10:06:45.801105Z  WARN herdr::raw_input: flushing lone escape after input timeout; if this follows an alt chord or focus switch it may reach the pane as plain esc bytes=[27]
2026-08-12T10:06:46.355912Z  WARN herdr::raw_input: flushing lone escape after input timeout; if this follows an alt chord or focus switch it may reach the pane as plain esc bytes=[27]
2026-08-12T10:06:46.355988Z  WARN herdr::raw_input: flushing lone escape after input timeout; if this follows an alt chord or focus switch it may reach the pane as plain esc bytes=[27]
2026-08-12T10:06:48.575975Z  WARN herdr::raw_input: flushing lone escape after input timeout; if this follows an alt chord or focus switch it may reach the pane as plain esc bytes=[27]
2026-08-12T10:06:48.576135Z  WARN herdr::raw_input: flushing lone escape after input timeout; if this follows an alt chord or focus switch it may reach the pane as plain esc bytes=[27]
2026-08-12T10:06:48.905769Z  WARN herdr::raw_input: flushing lone escape after input timeout; if this follows an alt chord or focus switch it may reach the pane as plain esc bytes=[27]
2026-08-12T10:06:48.905894Z  WARN herdr::raw_input: flushing lone escape after input timeout; if this follows an alt chord or focus switch it may reach the pane as plain esc bytes=[27]
2026-08-12T10:06:49.310077Z  WARN herdr::raw_input: flushing lone escape after input timeout; if this follows an alt chord or focus switch it may reach the pane as plain esc bytes=[27]
2026-08-12T10:06:49.310292Z  WARN herdr::raw_input: flushing lone escape after input timeout; if this follows an alt chord or focus switch it may reach the pane as plain esc bytes=[27]
2026-08-12T10:07:10.549331Z  WARN herdr::raw_input: flushing lone escape after input timeout; if this follows an alt chord or focus switch it may reach the pane as plain esc bytes=[27]
2026-08-12T10:07:10.549599Z  WARN herdr::raw_input: flushing lone escape after input timeout; if this follows an alt chord or focus switch it may reach the pane as plain esc bytes=[27]
2026-08-12T10:07:10.803318Z  WARN herdr::raw_input: flushing lone escape after input timeout; if this follows an alt chord or focus switch it may reach the pane as plain esc bytes=[27]
2026-08-12T10:07:10.803468Z  WARN herdr::raw_input: flushing lone escape after input timeout; if this follows an alt chord or focus switch it may reach the pane as plain esc bytes=[27]
2026-08-12T10:07:15.097296Z  WARN herdr::raw_input: flushing lone escape after input timeout; if this follows an alt chord or focus switch it may reach the pane as plain esc bytes=[27]
2026-08-12T10:07:15.098076Z  WARN herdr::raw_input: flushing lone escape after input timeout; if this follows an alt chord or focus switch it may reach the pane as plain esc bytes=[27]
2026-08-12T10:07:48.864044Z  WARN herdr::raw_input: flushing lone escape after input timeout; if this follows an alt chord or focus switch it may reach the pane as plain esc bytes=[27]
2026-08-12T10:07:48.864719Z  WARN herdr::raw_input: flushing lone escape after input timeout; if this follows an alt chord or focus switch it may reach the pane as plain esc bytes=[27]
2026-08-12T10:10:12.305780Z  WARN herdr::raw_input: flushing lone escape after input timeout; if this follows an alt chord or focus switch it may reach the pane as plain esc bytes=[27]
2026-08-12T10:10:12.306930Z  WARN herdr::raw_input: flushing lone escape after input timeout; if this follows an alt chord or focus switch it may reach the pane as plain esc bytes=[27]
2026-08-12T10:10:12.553123Z  WARN herdr::raw_input: flushing lone escape after input timeout; if this follows an alt chord or focus switch it may reach the pane as plain esc bytes=[27]
2026-08-12T10:10:12.553389Z  WARN herdr::raw_input: flushing lone escape after input timeout; if this follows an alt chord or focus switch it may reach the pane as plain esc bytes=[27]
2026-08-12T10:10:24.122822Z  WARN herdr::raw_input: flushing lone escape after input timeout; if this follows an alt chord or focus switch it may reach the pane as plain esc bytes=[27]
2026-08-12T10:10:24.124050Z  WARN herdr::raw_input: flushing lone escape after input timeout; if this follows an alt chord or focus switch it may reach the pane as plain esc bytes=[27]
2026-08-12T10:10:44.927947Z  WARN herdr::raw_input: flushing lone escape after input timeout; if this follows an alt chord or focus switch it may reach the pane as plain esc bytes=[27]
2026-08-12T10:10:44.928815Z  WARN herdr::raw_input: flushing lone escape after input timeout; if this follows an alt chord or focus switch it may reach the pane as plain esc bytes=[27]
2026-08-12T10:10:55.218121Z  WARN herdr::raw_input: flushing lone escape after input timeout; if this follows an alt chord or focus switch it may reach the pane as plain esc bytes=[27]
2026-08-12T10:10:55.218624Z  WARN herdr::raw_input: flushing lone escape after input timeout; if this follows an alt chord or focus switch it may reach the pane as plain esc bytes=[27]
2026-08-12T10:17:00.662079Z  WARN herdr::raw_input: flushing lone escape after input timeout; if this follows an alt chord or focus switch it may reach the pane as plain esc bytes=[27]
2026-08-12T10:17:00.663481Z  WARN herdr::raw_input: flushing lone escape after input timeout; if this follows an alt chord or focus switch it may reach the pane as plain esc bytes=[27]
2026-08-12T10:18:08.548206Z  WARN herdr::raw_input: flushing lone escape after input timeout; if this follows an alt chord or focus switch it may reach the pane as plain esc bytes=[27]
2026-08-12T10:18:08.550203Z  WARN herdr::raw_input: flushing lone escape after input timeout; if this follows an alt chord or focus switch it may reach the pane as plain esc bytes=[27]
2026-08-12T10:19:58.299554Z  WARN herdr::raw_input: flushing lone escape after input timeout; if this follows an alt chord or focus switch it may reach the pane as plain esc bytes=[27]
2026-08-12T10:19:58.300917Z  WARN herdr::raw_input: flushing lone escape after input timeout; if this follows an alt chord or focus switch it may reach the pane as plain esc bytes=[27]
2026-08-12T10:20:05.214978Z  WARN herdr::raw_input: flushing lone escape after input timeout; if this follows an alt chord or focus switch it may reach the pane as plain esc bytes=[27]
2026-08-12T10:20:05.216249Z  WARN herdr::raw_input: flushing lone escape after input timeout; if this follows an alt chord or focus switch it may reach the pane as plain esc bytes=[27]
2026-08-12T10:20:05.557921Z  WARN herdr::raw_input: flushing lone escape after input timeout; if this follows an alt chord or focus switch it may reach the pane as plain esc bytes=[27]
2026-08-12T10:20:05.558145Z  WARN herdr::raw_input: flushing lone escape after input timeout; if this follows an alt chord or focus switch it may reach the pane as plain esc bytes=[27]
2026-08-12T10:20:06.593397Z  WARN herdr::raw_input: flushing lone escape after input timeout; if this follows an alt chord or focus switch it may reach the pane as plain esc bytes=[27]
2026-08-12T10:20:06.593492Z  WARN herdr::raw_input: flushing lone escape after input timeout; if this follows an alt chord or focus switch it may reach the pane as plain esc bytes=[27]
2026-08-12T10:20:12.201401Z  WARN herdr::raw_input: flushing lone escape after input timeout; if this follows an alt chord or focus switch it may reach the pane as plain esc bytes=[27]
2026-08-12T10:20:12.202529Z  WARN herdr::raw_input: flushing lone escape after input timeout; if this follows an alt chord or focus switch it may reach the pane as plain esc bytes=[27]
2026-08-12T10:20:57.935856Z  WARN herdr::raw_input: flushing lone escape after input timeout; if this follows an alt chord or focus switch it may reach the pane as plain esc bytes=[27]
2026-08-12T10:20:57.937133Z  WARN herdr::raw_input: flushing lone escape after input timeout; if this follows an alt chord or focus switch it may reach the pane as plain esc bytes=[27]
2026-08-12T10:25:12.485962Z  WARN herdr::raw_input: flushing lone escape after input timeout; if this follows an alt chord or focus switch it may reach the pane as plain esc bytes=[27]
2026-08-12T10:25:12.487880Z  WARN herdr::raw_input: flushing lone escape after input timeout; if this follows an alt chord or focus switch it may reach the pane as plain esc bytes=[27]
2026-08-12T11:45:57.218184Z  WARN herdr::raw_input: flushing lone escape after input timeout; if this follows an alt chord or focus switch it may reach the pane as plain esc bytes=[27]
2026-08-12T11:45:57.219827Z  WARN herdr::raw_input: flushing lone escape after input timeout; if this follows an alt chord or focus switch it may reach the pane as plain esc bytes=[27]
2026-08-12T11:51:26.688546Z  WARN herdr::raw_input: flushing lone escape after input timeout; if this follows an alt chord or focus switch it may reach the pane as plain esc bytes=[27]
2026-08-12T11:51:26.689064Z  WARN herdr::raw_input: flushing lone escape after input timeout; if this follows an alt chord or focus switch it may reach the pane as plain esc bytes=[27]
2026-08-12T11:51:31.679181Z  WARN herdr::raw_input: flushing lone escape after input timeout; if this follows an alt chord or focus switch it may reach the pane as plain esc bytes=[27]
2026-08-12T11:51:31.679307Z  WARN herdr::raw_input: flushing lone escape after input timeout; if this follows an alt chord or focus switch it may reach the pane as plain esc bytes=[27]
2026-08-12T12:07:00.570740Z  WARN herdr::raw_input: flushing lone escape after input timeout; if this follows an alt chord or focus switch it may reach the pane as plain esc bytes=[27]
2026-08-12T12:07:00.571969Z  WARN herdr::raw_input: flushing lone escape after input timeout; if this follows an alt chord or focus switch it may reach the pane as plain esc bytes=[27]
2026-08-12T12:08:29.447604Z  WARN herdr::raw_input: flushing lone escape after input timeout; if this follows an alt chord or focus switch it may reach the pane as plain esc bytes=[27]
2026-08-12T12:08:29.448746Z  WARN herdr::raw_input: flushing lone escape after input timeout; if this follows an alt chord or focus switch it may reach the pane as plain esc bytes=[27]
2026-08-12T12:08:31.456913Z  WARN herdr::raw_input: flushing lone escape after input timeout; if this follows an alt chord or focus switch it may reach the pane as plain esc bytes=[27]
2026-08-12T12:08:31.457164Z  WARN herdr::raw_input: flushing lone escape after input timeout; if this follows an alt chord or focus switch it may reach the pane as plain esc bytes=[27]
2026-08-12T12:08:32.037138Z  WARN herdr::raw_input: flushing lone escape after input timeout; if this follows an alt chord or focus switch it may reach the pane as plain esc bytes=[27]
2026-08-12T12:08:32.037284Z  WARN herdr::raw_input: flushing lone escape after input timeout; if this follows an alt chord or focus switch it may reach the pane as plain esc bytes=[27]
2026-08-12T12:08:33.256554Z  WARN herdr::raw_input: flushing lone escape after input timeout; if this follows an alt chord or focus switch it may reach the pane as plain esc bytes=[27]
2026-08-12T12:08:33.256811Z  WARN herdr::raw_input: flushing lone escape after input timeout; if this follows an alt chord or focus switch it may reach the pane as plain esc bytes=[27]
2026-08-12T12:16:54.355826Z  WARN herdr::raw_input: flushing lone escape after input timeout; if this follows an alt chord or focus switch it may reach the pane as plain esc bytes=[27]
2026-08-12T12:16:54.356094Z  WARN herdr::raw_input: flushing lone escape after input timeout; if this follows an alt chord or focus switch it may reach the pane as plain esc bytes=[27]
2026-08-12T12:16:55.919152Z  WARN herdr::raw_input: flushing lone escape after input timeout; if this follows an alt chord or focus switch it may reach the pane as plain esc bytes=[27]
2026-08-12T12:16:55.920011Z  WARN herdr::raw_input: flushing lone escape after input timeout; if this follows an alt chord or focus switch it may reach the pane as plain esc bytes=[27]
2026-08-12T12:21:59.429956Z  WARN herdr::raw_input: flushing lone escape after input timeout; if this follows an alt chord or focus switch it may reach the pane as plain esc bytes=[27]
2026-08-12T12:21:59.430364Z  WARN herdr::raw_input: flushing lone escape after input timeout; if this follows an alt chord or focus switch it may reach the pane as plain esc bytes=[27]
2026-08-12T12:22:11.610045Z  WARN herdr::raw_input: flushing lone escape after input timeout; if this follows an alt chord or focus switch it may reach the pane as plain esc bytes=[27]
2026-08-12T12:22:11.610385Z  WARN herdr::raw_input: flushing lone escape after input timeout; if this follows an alt chord or focus switch it may reach the pane as plain esc bytes=[27]
2026-08-12T12:22:14.441124Z  WARN herdr::raw_input: flushing lone escape after input timeout; if this follows an alt chord or focus switch it may reach the pane as plain esc bytes=[27]
2026-08-12T12:22:14.441218Z  WARN herdr::raw_input: flushing lone escape after input timeout; if this follows an alt chord or focus switch it may reach the pane as plain esc bytes=[27]
2026-08-12T12:30:56.742322Z  WARN herdr::raw_input: flushing lone escape after input timeout; if this follows an alt chord or focus switch it may reach the pane as plain esc bytes=[27]
2026-08-12T12:30:56.743118Z  WARN herdr::raw_input: flushing lone escape after input timeout; if this follows an alt chord or focus switch it may reach the pane as plain esc bytes=[27]
2026-08-13T00:19:40.468027Z  WARN herdr::raw_input: flushing lone escape after input timeout; if this follows an alt chord or focus switch it may reach the pane as plain esc bytes=[27]
2026-08-13T00:19:40.469181Z  WARN herdr::raw_input: flushing lone escape after input timeout; if this follows an alt chord or focus switch it may reach the pane as plain esc bytes=[27]
2026-08-13T00:19:50.846457Z  WARN herdr::raw_input: flushing lone escape after input timeout; if this follows an alt chord or focus switch it may reach the pane as plain esc bytes=[27]
2026-08-13T00:19:50.847659Z  WARN herdr::raw_input: flushing lone escape after input timeout; if this follows an alt chord or focus switch it may reach the pane as plain esc bytes=[27]
2026-08-13T00:19:53.474507Z  WARN herdr::raw_input: flushing lone escape after input timeout; if this follows an alt chord or focus switch it may reach the pane as plain esc bytes=[27]
2026-08-13T00:19:53.474705Z  WARN herdr::raw_input: flushing lone escape after input timeout; if this follows an alt chord or focus switch it may reach the pane as plain esc bytes=[27]
2026-08-13T00:19:55.348878Z  WARN herdr::raw_input: flushing lone escape after input timeout; if this follows an alt chord or focus switch it may reach the pane as plain esc bytes=[27]
2026-08-13T00:19:55.349067Z  WARN herdr::raw_input: flushing lone escape after input timeout; if this follows an alt chord or focus switch it may reach the pane as plain esc bytes=[27]
2026-08-13T00:19:55.554127Z  WARN herdr::raw_input: flushing lone escape after input timeout; if this follows an alt chord or focus switch it may reach the pane as plain esc bytes=[27]
2026-08-13T00:19:55.554260Z  WARN herdr::raw_input: flushing lone escape after input timeout; if this follows an alt chord or focus switch it may reach the pane as plain esc bytes=[27]
2026-08-13T00:19:56.669501Z  WARN herdr::raw_input: flushing lone escape after input timeout; if this follows an alt chord or focus switch it may reach the pane as plain esc bytes=[27]
2026-08-13T00:19:56.669953Z  WARN herdr::raw_input: flushing lone escape after input timeout; if this follows an alt chord or focus switch it may reach the pane as plain esc bytes=[27]
2026-08-13T00:20:01.752547Z  WARN herdr::raw_input: flushing lone escape after input timeout; if this follows an alt chord or focus switch it may reach the pane as plain esc bytes=[27]
2026-08-13T00:20:01.752709Z  WARN herdr::raw_input: flushing lone escape after input timeout; if this follows an alt chord or focus switch it may reach the pane as plain esc bytes=[27]
2026-08-13T00:20:19.904339Z  WARN herdr::raw_input: flushing lone escape after input timeout; if this follows an alt chord or focus switch it may reach the pane as plain esc bytes=[27]
2026-08-13T00:20:19.905581Z  WARN herdr::raw_input: flushing lone escape after input timeout; if this follows an alt chord or focus switch it may reach the pane as plain esc bytes=[27]
2026-08-13T00:24:50.843029Z  WARN herdr::raw_input: flushing lone escape after input timeout; if this follows an alt chord or focus switch it may reach the pane as plain esc bytes=[27]
2026-08-13T00:24:50.843812Z  WARN herdr::raw_input: flushing lone escape after input timeout; if this follows an alt chord or focus switch it may reach the pane as plain esc bytes=[27]
2026-08-13T02:14:50.745854Z  WARN herdr::raw_input: flushing lone escape after input timeout; if this follows an alt chord or focus switch it may reach the pane as plain esc bytes=[27]
2026-08-13T02:14:50.747493Z  WARN herdr::raw_input: flushing lone escape after input timeout; if this follows an alt chord or focus switch it may reach the pane as plain esc bytes=[27]
2026-08-13T02:43:21.534471Z  WARN herdr::raw_input: flushing lone escape after input timeout; if this follows an alt chord or focus switch it may reach the pane as plain esc bytes=[27]
2026-08-13T02:43:21.535682Z  WARN herdr::raw_input: flushing lone escape after input timeout; if this follows an alt chord or focus switch it may reach the pane as plain esc bytes=[27]
2026-08-13T02:45:50.947123Z  WARN herdr::raw_input: flushing lone escape after input timeout; if this follows an alt chord or focus switch it may reach the pane as plain esc bytes=[27]
2026-08-13T02:45:50.948480Z  WARN herdr::raw_input: flushing lone escape after input timeout; if this follows an alt chord or focus switch it may reach the pane as plain esc bytes=[27]
2026-08-13T02:46:12.500292Z  WARN herdr::raw_input: flushing lone escape after input timeout; if this follows an alt chord or focus switch it may reach the pane as plain esc bytes=[27]
2026-08-13T02:46:12.500840Z  WARN herdr::raw_input: flushing lone escape after input timeout; if this follows an alt chord or focus switch it may reach the pane as plain esc bytes=[27]
2026-08-13T02:48:54.518256Z  WARN herdr::raw_input: flushing lone escape after input timeout; if this follows an alt chord or focus switch it may reach the pane as plain esc bytes=[27]
2026-08-13T02:48:54.519540Z  WARN herdr::raw_input: flushing lone escape after input timeout; if this follows an alt chord or focus switch it may reach the pane as plain esc bytes=[27]
2026-08-13T02:48:57.041096Z  WARN herdr::raw_input: flushing lone escape after input timeout; if this follows an alt chord or focus switch it may reach the pane as plain esc bytes=[27]
2026-08-13T02:48:57.041225Z  WARN herdr::raw_input: flushing lone escape after input timeout; if this follows an alt chord or focus switch it may reach the pane as plain esc bytes=[27]
2026-08-13T02:48:57.548182Z  WARN herdr::raw_input: flushing lone escape after input timeout; if this follows an alt chord or focus switch it may reach the pane as plain esc bytes=[27]
2026-08-13T02:48:57.548307Z  WARN herdr::raw_input: flushing lone escape after input timeout; if this follows an alt chord or focus switch it may reach the pane as plain esc bytes=[27]
2026-08-13T02:50:05.888678Z  WARN herdr::raw_input: flushing lone escape after input timeout; if this follows an alt chord or focus switch it may reach the pane as plain esc bytes=[27]
2026-08-13T02:50:05.890201Z  WARN herdr::raw_input: flushing lone escape after input timeout; if this follows an alt chord or focus switch it may reach the pane as plain esc bytes=[27]
2026-08-13T02:50:11.308271Z  WARN herdr::raw_input: flushing lone escape after input timeout; if this follows an alt chord or focus switch it may reach the pane as plain esc bytes=[27]
2026-08-13T02:50:11.309423Z  WARN herdr::raw_input: flushing lone escape after input timeout; if this follows an alt chord or focus switch it may reach the pane as plain esc bytes=[27]
2026-08-13T02:50:11.555792Z  WARN herdr::raw_input: flushing lone escape after input timeout; if this follows an alt chord or focus switch it may reach the pane as plain esc bytes=[27]
2026-08-13T02:50:11.555941Z  WARN herdr::raw_input: flushing lone escape after input timeout; if this follows an alt chord or focus switch it may reach the pane as plain esc bytes=[27]
2026-08-13T03:01:32.335899Z  WARN herdr::raw_input: flushing lone escape after input timeout; if this follows an alt chord or focus switch it may reach the pane as plain esc bytes=[27]
2026-08-13T03:01:32.336363Z  WARN herdr::raw_input: flushing lone escape after input timeout; if this follows an alt chord or focus switch it may reach the pane as plain esc bytes=[27]
2026-08-13T03:03:29.541964Z  WARN herdr::raw_input: flushing lone escape after input timeout; if this follows an alt chord or focus switch it may reach the pane as plain esc bytes=[27]
2026-08-13T03:03:29.542754Z  WARN herdr::raw_input: flushing lone escape after input timeout; if this follows an alt chord or focus switch it may reach the pane as plain esc bytes=[27]
2026-08-13T03:03:29.776450Z  WARN herdr::raw_input: flushing lone escape after input timeout; if this follows an alt chord or focus switch it may reach the pane as plain esc bytes=[27]
2026-08-13T03:03:29.776612Z  WARN herdr::raw_input: flushing lone escape after input timeout; if this follows an alt chord or focus switch it may reach the pane as plain esc bytes=[27]
2026-08-13T03:04:49.625606Z  WARN herdr::raw_input: flushing lone escape after input timeout; if this follows an alt chord or focus switch it may reach the pane as plain esc bytes=[27]
2026-08-13T03:04:49.626738Z  WARN herdr::raw_input: flushing lone escape after input timeout; if this follows an alt chord or focus switch it may reach the pane as plain esc bytes=[27]
2026-08-13T03:09:25.543618Z  WARN herdr::raw_input: flushing lone escape after input timeout; if this follows an alt chord or focus switch it may reach the pane as plain esc bytes=[27]
2026-08-13T03:09:25.545501Z  WARN herdr::raw_input: flushing lone escape after input timeout; if this follows an alt chord or focus switch it may reach the pane as plain esc bytes=[27]
2026-08-13T03:12:06.129416Z  WARN herdr::raw_input: flushing lone escape after input timeout; if this follows an alt chord or focus switch it may reach the pane as plain esc bytes=[27]
2026-08-13T03:12:06.130892Z  WARN herdr::raw_input: flushing lone escape after input timeout; if this follows an alt chord or focus switch it may reach the pane as plain esc bytes=[27]
2026-08-13T03:15:06.076325Z  WARN herdr::raw_input: flushing lone escape after input timeout; if this follows an alt chord or focus switch it may reach the pane as plain esc bytes=[27]
2026-08-13T03:15:06.077137Z  WARN herdr::raw_input: flushing lone escape after input timeout; if this follows an alt chord or focus switch it may reach the pane as plain esc bytes=[27]
2026-08-13T04:03:26.118932Z  WARN herdr::raw_input: flushing lone escape after input timeout; if this follows an alt chord or focus switch it may reach the pane as plain esc bytes=[27]
2026-08-13T04:03:26.122266Z  WARN herdr::raw_input: flushing lone escape after input timeout; if this follows an alt chord or focus switch it may reach the pane as plain esc bytes=[27]
2026-08-13T04:03:26.358461Z  WARN herdr::raw_input: flushing lone escape after input timeout; if this follows an alt chord or focus switch it may reach the pane as plain esc bytes=[27]
2026-08-13T04:03:26.358571Z  WARN herdr::raw_input: flushing lone escape after input timeout; if this follows an alt chord or focus switch it may reach the pane as plain esc bytes=[27]
2026-08-13T04:03:28.325514Z  WARN herdr::raw_input: flushing lone escape after input timeout; if this follows an alt chord or focus switch it may reach the pane as plain esc bytes=[27]
2026-08-13T04:03:28.325796Z  WARN herdr::raw_input: flushing lone escape after input timeout; if this follows an alt chord or focus switch it may reach the pane as plain esc bytes=[27]
2026-08-13T04:50:41.137909Z  WARN herdr::raw_input: flushing lone escape after input timeout; if this follows an alt chord or focus switch it may reach the pane as plain esc bytes=[27]
2026-08-13T04:50:41.138330Z  WARN herdr::raw_input: flushing lone escape after input timeout; if this follows an alt chord or focus switch it may reach the pane as plain esc bytes=[27]
2026-08-13T04:50:42.608528Z  WARN herdr::raw_input: flushing lone escape after input timeout; if this follows an alt chord or focus switch it may reach the pane as plain esc bytes=[27]
2026-08-13T04:50:42.608797Z  WARN herdr::raw_input: flushing lone escape after input timeout; if this follows an alt chord or focus switch it may reach the pane as plain esc bytes=[27]
2026-08-13T04:51:08.479368Z  WARN herdr::raw_input: flushing lone escape after input timeout; if this follows an alt chord or focus switch it may reach the pane as plain esc bytes=[27]
2026-08-13T04:51:08.480410Z  WARN herdr::raw_input: flushing lone escape after input timeout; if this follows an alt chord or focus switch it may reach the pane as plain esc bytes=[27]
2026-08-13T04:54:01.805543Z  WARN herdr::raw_input: flushing lone escape after input timeout; if this follows an alt chord or focus switch it may reach the pane as plain esc bytes=[27]
2026-08-13T04:54:01.806421Z  WARN herdr::raw_input: flushing lone escape after input timeout; if this follows an alt chord or focus switch it may reach the pane as plain esc bytes=[27]
2026-08-13T04:54:11.273157Z  WARN herdr::raw_input: flushing lone escape after input timeout; if this follows an alt chord or focus switch it may reach the pane as plain esc bytes=[27]
2026-08-13T04:54:11.273828Z  WARN herdr::raw_input: flushing lone escape after input timeout; if this follows an alt chord or focus switch it may reach the pane as plain esc bytes=[27]
2026-08-13T04:54:17.329690Z  WARN herdr::raw_input: flushing lone escape after input timeout; if this follows an alt chord or focus switch it may reach the pane as plain esc bytes=[27]
2026-08-13T04:54:17.330601Z  WARN herdr::raw_input: flushing lone escape after input timeout; if this follows an alt chord or focus switch it may reach the pane as plain esc bytes=[27]
2026-08-13T04:54:26.950661Z  WARN herdr::raw_input: flushing lone escape after input timeout; if this follows an alt chord or focus switch it may reach the pane as plain esc bytes=[27]
2026-08-13T04:54:26.951737Z  WARN herdr::raw_input: flushing lone escape after input timeout; if this follows an alt chord or focus switch it may reach the pane as plain esc bytes=[27]
2026-08-13T06:58:09.565939Z  WARN herdr::raw_input: flushing lone escape after input timeout; if this follows an alt chord or focus switch it may reach the pane as plain esc bytes=[27]
2026-08-13T06:58:09.566287Z  WARN herdr::raw_input: flushing lone escape after input timeout; if this follows an alt chord or focus switch it may reach the pane as plain esc bytes=[27]
2026-08-13T06:58:15.519059Z  WARN herdr::raw_input: flushing lone escape after input timeout; if this follows an alt chord or focus switch it may reach the pane as plain esc bytes=[27]
2026-08-13T06:58:15.519915Z  WARN herdr::raw_input: flushing lone escape after input timeout; if this follows an alt chord or focus switch it may reach the pane as plain esc bytes=[27]
2026-08-13T07:10:38.993744Z  WARN herdr::raw_input: flushing lone escape after input timeout; if this follows an alt chord or focus switch it may reach the pane as plain esc bytes=[27]
2026-08-13T07:10:38.995155Z  WARN herdr::raw_input: flushing lone escape after input timeout; if this follows an alt chord or focus switch it may reach the pane as plain esc bytes=[27]
2026-08-13T07:41:46.585872Z  WARN herdr::raw_input: flushing lone escape after input timeout; if this follows an alt chord or focus switch it may reach the pane as plain esc bytes=[27]
2026-08-13T07:41:46.586281Z  WARN herdr::raw_input: flushing lone escape after input timeout; if this follows an alt chord or focus switch it may reach the pane as plain esc bytes=[27]
2026-08-13T07:56:32.480377Z  WARN herdr::raw_input: flushing lone escape after input timeout; if this follows an alt chord or focus switch it may reach the pane as plain esc bytes=[27]
2026-08-13T07:56:32.481262Z  WARN herdr::raw_input: flushing lone escape after input timeout; if this follows an alt chord or focus switch it may reach the pane as plain esc bytes=[27]
2026-08-13T07:56:32.849357Z  WARN herdr::raw_input: flushing lone escape after input timeout; if this follows an alt chord or focus switch it may reach the pane as plain esc bytes=[27]
2026-08-13T07:56:32.849469Z  WARN herdr::raw_input: flushing lone escape after input timeout; if this follows an alt chord or focus switch it may reach the pane as plain esc bytes=[27]
2026-08-13T07:56:33.812971Z  WARN herdr::raw_input: flushing lone escape after input timeout; if this follows an alt chord or focus switch it may reach the pane as plain esc bytes=[27]
2026-08-13T07:56:33.813199Z  WARN herdr::raw_input: flushing lone escape after input timeout; if this follows an alt chord or focus switch it may reach the pane as plain esc bytes=[27]
2026-08-13T07:56:34.424645Z  WARN herdr::raw_input: flushing lone escape after input timeout; if this follows an alt chord or focus switch it may reach the pane as plain esc bytes=[27]
2026-08-13T07:56:34.424777Z  WARN herdr::raw_input: flushing lone escape after input timeout; if this follows an alt chord or focus switch it may reach the pane as plain esc bytes=[27]
2026-08-13T08:00:48.437777Z  WARN herdr::raw_input: flushing lone escape after input timeout; if this follows an alt chord or focus switch it may reach the pane as plain esc bytes=[27]
2026-08-13T08:00:48.438173Z  WARN herdr::raw_input: flushing lone escape after input timeout; if this follows an alt chord or focus switch it may reach the pane as plain esc bytes=[27]
2026-08-13T08:01:11.273055Z  WARN herdr::raw_input: flushing lone escape after input timeout; if this follows an alt chord or focus switch it may reach the pane as plain esc bytes=[27]
2026-08-13T08:01:11.274047Z  WARN herdr::raw_input: flushing lone escape after input timeout; if this follows an alt chord or focus switch it may reach the pane as plain esc bytes=[27]
2026-08-13T08:01:12.358788Z  WARN herdr::raw_input: flushing lone escape after input timeout; if this follows an alt chord or focus switch it may reach the pane as plain esc bytes=[27]
2026-08-13T08:01:12.801567Z  WARN herdr::raw_input: flushing lone escape after input timeout; if this follows an alt chord or focus switch it may reach the pane as plain esc bytes=[27]
2026-08-13T08:01:13.998502Z  WARN herdr::raw_input: flushing lone escape after input timeout; if this follows an alt chord or focus switch it may reach the pane as plain esc bytes=[27]
2026-08-13T08:01:13.998677Z  WARN herdr::raw_input: flushing lone escape after input timeout; if this follows an alt chord or focus switch it may reach the pane as plain esc bytes=[27]
2026-08-13T08:08:12.714169Z  WARN herdr::raw_input: flushing lone escape after input timeout; if this follows an alt chord or focus switch it may reach the pane as plain esc bytes=[27]
2026-08-13T08:08:12.715269Z  WARN herdr::raw_input: flushing lone escape after input timeout; if this follows an alt chord or focus switch it may reach the pane as plain esc bytes=[27]
2026-08-13T08:08:22.837454Z  WARN herdr::raw_input: flushing lone escape after input timeout; if this follows an alt chord or focus switch it may reach the pane as plain esc bytes=[27]
2026-08-13T08:08:22.838283Z  WARN herdr::raw_input: flushing lone escape after input timeout; if this follows an alt chord or focus switch it may reach the pane as plain esc bytes=[27]
2026-08-13T08:08:37.914406Z  WARN herdr::raw_input: flushing lone escape after input timeout; if this follows an alt chord or focus switch it may reach the pane as plain esc bytes=[27]
2026-08-13T08:08:37.915376Z  WARN herdr::raw_input: flushing lone escape after input timeout; if this follows an alt chord or focus switch it may reach the pane as plain esc bytes=[27]
2026-08-13T08:12:25.198695Z  WARN herdr::raw_input: flushing lone escape after input timeout; if this follows an alt chord or focus switch it may reach the pane as plain esc bytes=[27]
2026-08-13T08:12:25.199669Z  WARN herdr::raw_input: flushing lone escape after input timeout; if this follows an alt chord or focus switch it may reach the pane as plain esc bytes=[27]
2026-08-13T08:12:26.158949Z  WARN herdr::raw_input: flushing lone escape after input timeout; if this follows an alt chord or focus switch it may reach the pane as plain esc bytes=[27]
2026-08-13T08:12:26.159121Z  WARN herdr::raw_input: flushing lone escape after input timeout; if this follows an alt chord or focus switch it may reach the pane as plain esc bytes=[27]
2026-08-13T08:26:43.176990Z  WARN herdr::raw_input: flushing lone escape after input timeout; if this follows an alt chord or focus switch it may reach the pane as plain esc bytes=[27]
2026-08-13T08:26:43.178329Z  WARN herdr::raw_input: flushing lone escape after input timeout; if this follows an alt chord or focus switch it may reach the pane as plain esc bytes=[27]
2026-08-13T08:30:12.375464Z  WARN herdr::raw_input: flushing lone escape after input timeout; if this follows an alt chord or focus switch it may reach the pane as plain esc bytes=[27]
2026-08-13T08:30:12.376872Z  WARN herdr::raw_input: flushing lone escape after input timeout; if this follows an alt chord or focus switch it may reach the pane as plain esc bytes=[27]
2026-08-13T08:30:28.938577Z  WARN herdr::raw_input: flushing lone escape after input timeout; if this follows an alt chord or focus switch it may reach the pane as plain esc bytes=[27]
2026-08-13T08:30:28.939890Z  WARN herdr::raw_input: flushing lone escape after input timeout; if this follows an alt chord or focus switch it may reach the pane as plain esc bytes=[27]
2026-08-13T09:00:23.429356Z  WARN herdr::raw_input: flushing lone escape after input timeout; if this follows an alt chord or focus switch it may reach the pane as plain esc bytes=[27]
2026-08-13T09:43:32.062000Z  WARN herdr::raw_input: flushing lone escape after input timeout; if this follows an alt chord or focus switch it may reach the pane as plain esc bytes=[27]
2026-08-13T09:43:32.062705Z  WARN herdr::raw_input: flushing lone escape after input timeout; if this follows an alt chord or focus switch it may reach the pane as plain esc bytes=[27]
2026-08-13T11:04:46.835018Z  WARN herdr::raw_input: flushing lone escape after input timeout; if this follows an alt chord or focus switch it may reach the pane as plain esc bytes=[27]
2026-08-13T11:04:46.836011Z  WARN herdr::raw_input: flushing lone escape after input timeout; if this follows an alt chord or focus switch it may reach the pane as plain esc bytes=[27]
2026-08-13T11:04:49.204030Z  WARN herdr::raw_input: flushing lone escape after input timeout; if this follows an alt chord or focus switch it may reach the pane as plain esc bytes=[27]
2026-08-13T11:04:49.204203Z  WARN herdr::raw_input: flushing lone escape after input timeout; if this follows an alt chord or focus switch it may reach the pane as plain esc bytes=[27]
2026-08-13T11:05:29.033258Z  WARN herdr::raw_input: flushing lone escape after input timeout; if this follows an alt chord or focus switch it may reach the pane as plain esc bytes=[27]
2026-08-13T11:05:29.034743Z  WARN herdr::raw_input: flushing lone escape after input timeout; if this follows an alt chord or focus switch it may reach the pane as plain esc bytes=[27]
2026-08-13T11:06:51.381317Z  WARN herdr::raw_input: flushing lone escape after input timeout; if this follows an alt chord or focus switch it may reach the pane as plain esc bytes=[27]
2026-08-13T11:06:51.382771Z  WARN herdr::raw_input: flushing lone escape after input timeout; if this follows an alt chord or focus switch it may reach the pane as plain esc bytes=[27]
2026-08-13T11:06:51.646800Z  WARN herdr::raw_input: flushing lone escape after input timeout; if this follows an alt chord or focus switch it may reach the pane as plain esc bytes=[27]
2026-08-13T11:06:51.646953Z  WARN herdr::raw_input: flushing lone escape after input timeout; if this follows an alt chord or focus switch it may reach the pane as plain esc bytes=[27]
2026-08-13T11:17:14.843649Z  WARN herdr::raw_input: flushing lone escape after input timeout; if this follows an alt chord or focus switch it may reach the pane as plain esc bytes=[27]
2026-08-13T11:17:14.845293Z  WARN herdr::raw_input: flushing lone escape after input timeout; if this follows an alt chord or focus switch it may reach the pane as plain esc bytes=[27]
2026-08-13T11:18:03.202570Z  WARN herdr::raw_input: flushing lone escape after input timeout; if this follows an alt chord or focus switch it may reach the pane as plain esc bytes=[27]
2026-08-13T11:18:03.203011Z  WARN herdr::raw_input: flushing lone escape after input timeout; if this follows an alt chord or focus switch it may reach the pane as plain esc bytes=[27]
2026-08-13T11:21:33.800470Z  WARN herdr::raw_input: flushing lone escape after input timeout; if this follows an alt chord or focus switch it may reach the pane as plain esc bytes=[27]
2026-08-13T11:21:33.800748Z  WARN herdr::raw_input: flushing lone escape after input timeout; if this follows an alt chord or focus switch it may reach the pane as plain esc bytes=[27]
2026-08-13T11:22:57.891545Z  WARN herdr::raw_input: flushing lone escape after input timeout; if this follows an alt chord or focus switch it may reach the pane as plain esc bytes=[27]
2026-08-13T11:22:57.892400Z  WARN herdr::raw_input: flushing lone escape after input timeout; if this follows an alt chord or focus switch it may reach the pane as plain esc bytes=[27]
2026-08-13T11:24:13.072398Z  WARN herdr::raw_input: flushing lone escape after input timeout; if this follows an alt chord or focus switch it may reach the pane as plain esc bytes=[27]
2026-08-13T11:24:13.073116Z  WARN herdr::raw_input: flushing lone escape after input timeout; if this follows an alt chord or focus switch it may reach the pane as plain esc bytes=[27]
2026-08-14T01:43:09.753427Z  WARN herdr::raw_input: flushing lone escape after input timeout; if this follows an alt chord or focus switch it may reach the pane as plain esc bytes=[27]
2026-08-14T01:43:09.754679Z  WARN herdr::raw_input: flushing lone escape after input timeout; if this follows an alt chord or focus switch it may reach the pane as plain esc bytes=[27]
2026-08-14T01:43:09.998680Z  WARN herdr::raw_input: flushing lone escape after input timeout; if this follows an alt chord or focus switch it may reach the pane as plain esc bytes=[27]
2026-08-14T01:43:09.998974Z  WARN herdr::raw_input: flushing lone escape after input timeout; if this follows an alt chord or focus switch it may reach the pane as plain esc bytes=[27]
2026-08-14T01:43:13.696935Z  WARN herdr::raw_input: flushing lone escape after input timeout; if this follows an alt chord or focus switch it may reach the pane as plain esc bytes=[27]
2026-08-14T01:43:13.697195Z  WARN herdr::raw_input: flushing lone escape after input timeout; if this follows an alt chord or focus switch it may reach the pane as plain esc bytes=[27]
2026-08-14T02:04:33.542229Z  WARN herdr::raw_input: flushing lone escape after input timeout; if this follows an alt chord or focus switch it may reach the pane as plain esc bytes=[27]
2026-08-14T02:04:33.543542Z  WARN herdr::raw_input: flushing lone escape after input timeout; if this follows an alt chord or focus switch it may reach the pane as plain esc bytes=[27]
2026-08-14T02:04:45.434670Z  WARN herdr::raw_input: flushing lone escape after input timeout; if this follows an alt chord or focus switch it may reach the pane as plain esc bytes=[27]
2026-08-14T02:04:45.434928Z  WARN herdr::raw_input: flushing lone escape after input timeout; if this follows an alt chord or focus switch it may reach the pane as plain esc bytes=[27]
2026-08-14T02:05:08.823555Z  WARN herdr::raw_input: flushing lone escape after input timeout; if this follows an alt chord or focus switch it may reach the pane as plain esc bytes=[27]
2026-08-14T02:05:08.823983Z  WARN herdr::raw_input: flushing lone escape after input timeout; if this follows an alt chord or focus switch it may reach the pane as plain esc bytes=[27]
2026-08-14T02:05:26.518498Z  WARN herdr::raw_input: flushing lone escape after input timeout; if this follows an alt chord or focus switch it may reach the pane as plain esc bytes=[27]
2026-08-14T02:05:26.519007Z  WARN herdr::raw_input: flushing lone escape after input timeout; if this follows an alt chord or focus switch it may reach the pane as plain esc bytes=[27]
2026-08-14T03:02:18.168928Z  WARN herdr::raw_input: flushing lone escape after input timeout; if this follows an alt chord or focus switch it may reach the pane as plain esc bytes=[27]
2026-08-14T03:02:18.169799Z  WARN herdr::raw_input: flushing lone escape after input timeout; if this follows an alt chord or focus switch it may reach the pane as plain esc bytes=[27]
2026-08-14T03:02:31.066191Z  INFO herdr::logging: herdr exiting event="app.shutdown" subsystem="client" outcome="completed" pid=90451
2026-08-14T03:02:33.971541Z  INFO herdr::logging: herdr starting event="app.startup" subsystem="client" outcome="started" pid=42613
2026-08-14T03:02:33.971583Z  INFO herdr::client: connecting to server path=/Users/macos/.config/herdr/herdr-client.sock
2026-08-14T03:02:34.066354Z  INFO herdr::client: handshake succeeded version=19 encoding=SemanticFrame
2026-08-14T03:02:37.340731Z  INFO herdr::logging: herdr exiting event="app.shutdown" subsystem="client" outcome="completed" pid=42613
2026-08-14T03:02:40.712024Z  INFO herdr::logging: herdr starting event="app.startup" subsystem="client" outcome="started" pid=42643
2026-08-14T03:02:40.712071Z  INFO herdr::client: connecting to server path=/Users/macos/.config/herdr/herdr-client.sock
2026-08-14T03:02:40.786675Z  INFO herdr::client: handshake succeeded version=19 encoding=SemanticFrame
2026-08-14T03:02:46.261496Z  WARN herdr::raw_input: flushing lone escape after input timeout; if this follows an alt chord or focus switch it may reach the pane as plain esc bytes=[27]
2026-08-14T03:02:46.262146Z  WARN herdr::raw_input: flushing lone escape after input timeout; if this follows an alt chord or focus switch it may reach the pane as plain esc bytes=[27]
2026-08-14T03:03:08.428582Z  WARN herdr::raw_input: flushing lone escape after input timeout; if this follows an alt chord or focus switch it may reach the pane as plain esc bytes=[27]
2026-08-14T03:03:08.429063Z  WARN herdr::raw_input: flushing lone escape after input timeout; if this follows an alt chord or focus switch it may reach the pane as plain esc bytes=[27]
2026-08-14T03:03:13.312783Z  WARN herdr::raw_input: flushing lone escape after input timeout; if this follows an alt chord or focus switch it may reach the pane as plain esc bytes=[27]
2026-08-14T03:03:13.312910Z  WARN herdr::raw_input: flushing lone escape after input timeout; if this follows an alt chord or focus switch it may reach the pane as plain esc bytes=[27]
2026-08-14T03:05:33.261266Z  WARN herdr::raw_input: flushing lone escape after input timeout; if this follows an alt chord or focus switch it may reach the pane as plain esc bytes=[27]
2026-08-14T03:05:33.262697Z  WARN herdr::raw_input: flushing lone escape after input timeout; if this follows an alt chord or focus switch it may reach the pane as plain esc bytes=[27]
2026-08-14T03:17:53.645851Z  WARN herdr::raw_input: flushing lone escape after input timeout; if this follows an alt chord or focus switch it may reach the pane as plain esc bytes=[27]
2026-08-14T03:17:53.646455Z  WARN herdr::raw_input: flushing lone escape after input timeout; if this follows an alt chord or focus switch it may reach the pane as plain esc bytes=[27]
2026-08-14T03:39:11.462047Z  WARN herdr::raw_input: flushing lone escape after input timeout; if this follows an alt chord or focus switch it may reach the pane as plain esc bytes=[27]
2026-08-14T03:39:11.463138Z  WARN herdr::raw_input: flushing lone escape after input timeout; if this follows an alt chord or focus switch it may reach the pane as plain esc bytes=[27]
2026-08-14T03:58:21.500634Z  WARN herdr::raw_input: flushing lone escape after input timeout; if this follows an alt chord or focus switch it may reach the pane as plain esc bytes=[27]
2026-08-14T03:58:21.502323Z  WARN herdr::raw_input: flushing lone escape after input timeout; if this follows an alt chord or focus switch it may reach the pane as plain esc bytes=[27]
2026-08-14T03:58:22.954253Z  WARN herdr::raw_input: flushing lone escape after input timeout; if this follows an alt chord or focus switch it may reach the pane as plain esc bytes=[27]
2026-08-14T03:58:22.954377Z  WARN herdr::raw_input: flushing lone escape after input timeout; if this follows an alt chord or focus switch it may reach the pane as plain esc bytes=[27]
2026-08-14T03:58:26.807583Z  WARN herdr::raw_input: flushing lone escape after input timeout; if this follows an alt chord or focus switch it may reach the pane as plain esc bytes=[27]
2026-08-14T03:58:26.807879Z  WARN herdr::raw_input: flushing lone escape after input timeout; if this follows an alt chord or focus switch it may reach the pane as plain esc bytes=[27]
2026-08-14T04:06:23.283183Z  WARN herdr::raw_input: flushing lone escape after input timeout; if this follows an alt chord or focus switch it may reach the pane as plain esc bytes=[27]
2026-08-14T04:06:23.283857Z  WARN herdr::raw_input: flushing lone escape after input timeout; if this follows an alt chord or focus switch it may reach the pane as plain esc bytes=[27]
2026-08-14T04:42:38.233114Z  WARN herdr::raw_input: flushing lone escape after input timeout; if this follows an alt chord or focus switch it may reach the pane as plain esc bytes=[27]
2026-08-14T04:42:38.233453Z  WARN herdr::raw_input: flushing lone escape after input timeout; if this follows an alt chord or focus switch it may reach the pane as plain esc bytes=[27]
2026-08-14T04:45:03.633537Z  WARN herdr::raw_input: flushing lone escape after input timeout; if this follows an alt chord or focus switch it may reach the pane as plain esc bytes=[27]
2026-08-14T04:45:03.635045Z  WARN herdr::raw_input: flushing lone escape after input timeout; if this follows an alt chord or focus switch it may reach the pane as plain esc bytes=[27]
2026-08-14T06:01:42.002731Z  WARN herdr::raw_input: flushing lone escape after input timeout; if this follows an alt chord or focus switch it may reach the pane as plain esc bytes=[27]
2026-08-14T06:01:42.003696Z  WARN herdr::raw_input: flushing lone escape after input timeout; if this follows an alt chord or focus switch it may reach the pane as plain esc bytes=[27]
2026-08-14T06:01:42.249853Z  WARN herdr::raw_input: flushing lone escape after input timeout; if this follows an alt chord or focus switch it may reach the pane as plain esc bytes=[27]
2026-08-14T06:01:42.249997Z  WARN herdr::raw_input: flushing lone escape after input timeout; if this follows an alt chord or focus switch it may reach the pane as plain esc bytes=[27]
2026-08-14T06:34:35.169821Z  WARN herdr::raw_input: flushing lone escape after input timeout; if this follows an alt chord or focus switch it may reach the pane as plain esc bytes=[27]
2026-08-14T06:34:35.170391Z  WARN herdr::raw_input: flushing lone escape after input timeout; if this follows an alt chord or focus switch it may reach the pane as plain esc bytes=[27]
2026-08-14T06:34:35.422302Z  WARN herdr::raw_input: flushing lone escape after input timeout; if this follows an alt chord or focus switch it may reach the pane as plain esc bytes=[27]
2026-08-14T06:34:35.422433Z  WARN herdr::raw_input: flushing lone escape after input timeout; if this follows an alt chord or focus switch it may reach the pane as plain esc bytes=[27]
2026-08-14T06:36:11.748578Z  WARN herdr::raw_input: flushing lone escape after input timeout; if this follows an alt chord or focus switch it may reach the pane as plain esc bytes=[27]
2026-08-14T06:36:11.749963Z  WARN herdr::raw_input: flushing lone escape after input timeout; if this follows an alt chord or focus switch it may reach the pane as plain esc bytes=[27]
2026-08-14T08:24:56.780542Z  WARN herdr::raw_input: flushing lone escape after input timeout; if this follows an alt chord or focus switch it may reach the pane as plain esc bytes=[27]
2026-08-14T08:24:56.780908Z  WARN herdr::raw_input: flushing lone escape after input timeout; if this follows an alt chord or focus switch it may reach the pane as plain esc bytes=[27]
2026-08-14T08:24:57.041274Z  WARN herdr::raw_input: flushing lone escape after input timeout; if this follows an alt chord or focus switch it may reach the pane as plain esc bytes=[27]
2026-08-14T08:24:57.041471Z  WARN herdr::raw_input: flushing lone escape after input timeout; if this follows an alt chord or focus switch it may reach the pane as plain esc bytes=[27]
2026-08-14T08:25:00.136135Z  WARN herdr::raw_input: flushing lone escape after input timeout; if this follows an alt chord or focus switch it may reach the pane as plain esc bytes=[27]
2026-08-14T08:25:00.136343Z  WARN herdr::raw_input: flushing lone escape after input timeout; if this follows an alt chord or focus switch it may reach the pane as plain esc bytes=[27]
2026-08-14T08:25:00.410694Z  WARN herdr::raw_input: flushing lone escape after input timeout; if this follows an alt chord or focus switch it may reach the pane as plain esc bytes=[27]
2026-08-14T08:25:00.410813Z  WARN herdr::raw_input: flushing lone escape after input timeout; if this follows an alt chord or focus switch it may reach the pane as plain esc bytes=[27]
2026-08-14T08:25:00.724627Z  WARN herdr::raw_input: flushing lone escape after input timeout; if this follows an alt chord or focus switch it may reach the pane as plain esc bytes=[27]
2026-08-14T08:25:00.724804Z  WARN herdr::raw_input: flushing lone escape after input timeout; if this follows an alt chord or focus switch it may reach the pane as plain esc bytes=[27]
2026-08-14T08:25:05.109665Z  WARN herdr::raw_input: flushing lone escape after input timeout; if this follows an alt chord or focus switch it may reach the pane as plain esc bytes=[27]
2026-08-14T08:25:05.109998Z  WARN herdr::raw_input: flushing lone escape after input timeout; if this follows an alt chord or focus switch it may reach the pane as plain esc bytes=[27]
2026-08-14T08:25:05.657054Z  WARN herdr::raw_input: flushing lone escape after input timeout; if this follows an alt chord or focus switch it may reach the pane as plain esc bytes=[27]
2026-08-14T08:25:05.657187Z  WARN herdr::raw_input: flushing lone escape after input timeout; if this follows an alt chord or focus switch it may reach the pane as plain esc bytes=[27]
2026-08-14T08:25:05.903047Z  WARN herdr::raw_input: flushing lone escape after input timeout; if this follows an alt chord or focus switch it may reach the pane as plain esc bytes=[27]
2026-08-14T08:25:05.903251Z  WARN herdr::raw_input: flushing lone escape after input timeout; if this follows an alt chord or focus switch it may reach the pane as plain esc bytes=[27]
2026-08-14T08:25:11.508442Z  WARN herdr::raw_input: flushing lone escape after input timeout; if this follows an alt chord or focus switch it may reach the pane as plain esc bytes=[27]
2026-08-14T08:25:11.509610Z  WARN herdr::raw_input: flushing lone escape after input timeout; if this follows an alt chord or focus switch it may reach the pane as plain esc bytes=[27]
2026-08-14T08:25:13.905692Z  WARN herdr::raw_input: flushing lone escape after input timeout; if this follows an alt chord or focus switch it may reach the pane as plain esc bytes=[27]
2026-08-14T08:25:13.905789Z  WARN herdr::raw_input: flushing lone escape after input timeout; if this follows an alt chord or focus switch it may reach the pane as plain esc bytes=[27]
2026-08-14T08:25:17.239657Z  WARN herdr::raw_input: flushing lone escape after input timeout; if this follows an alt chord or focus switch it may reach the pane as plain esc bytes=[27]
2026-08-14T08:25:17.241027Z  WARN herdr::raw_input: flushing lone escape after input timeout; if this follows an alt chord or focus switch it may reach the pane as plain esc bytes=[27]
2026-08-14T08:25:23.994780Z  WARN herdr::raw_input: flushing lone escape after input timeout; if this follows an alt chord or focus switch it may reach the pane as plain esc bytes=[27]
2026-08-14T08:25:23.995697Z  WARN herdr::raw_input: flushing lone escape after input timeout; if this follows an alt chord or focus switch it may reach the pane as plain esc bytes=[27]
2026-08-14T08:25:24.379858Z  WARN herdr::raw_input: flushing lone escape after input timeout; if this follows an alt chord or focus switch it may reach the pane as plain esc bytes=[27]
2026-08-14T08:25:24.384777Z  WARN herdr::raw_input: flushing lone escape after input timeout; if this follows an alt chord or focus switch it may reach the pane as plain esc bytes=[27]
2026-08-14T08:25:27.085933Z  WARN herdr::raw_input: flushing lone escape after input timeout; if this follows an alt chord or focus switch it may reach the pane as plain esc bytes=[27]
2026-08-14T08:25:27.086042Z  WARN herdr::raw_input: flushing lone escape after input timeout; if this follows an alt chord or focus switch it may reach the pane as plain esc bytes=[27]
2026-08-14T08:33:04.669408Z  WARN herdr::raw_input: flushing lone escape after input timeout; if this follows an alt chord or focus switch it may reach the pane as plain esc bytes=[27]
2026-08-14T08:33:04.670835Z  WARN herdr::raw_input: flushing lone escape after input timeout; if this follows an alt chord or focus switch it may reach the pane as plain esc bytes=[27]
2026-08-14T08:39:06.327691Z  WARN herdr::raw_input: flushing lone escape after input timeout; if this follows an alt chord or focus switch it may reach the pane as plain esc bytes=[27]
2026-08-14T08:39:06.329273Z  WARN herdr::raw_input: flushing lone escape after input timeout; if this follows an alt chord or focus switch it may reach the pane as plain esc bytes=[27]
2026-08-14T09:43:50.641231Z  WARN herdr::raw_input: flushing lone escape after input timeout; if this follows an alt chord or focus switch it may reach the pane as plain esc bytes=[27]
2026-08-14T09:43:50.642182Z  WARN herdr::raw_input: flushing lone escape after input timeout; if this follows an alt chord or focus switch it may reach the pane as plain esc bytes=[27]
2026-08-14T09:44:57.432559Z  WARN herdr::raw_input: flushing lone escape after input timeout; if this follows an alt chord or focus switch it may reach the pane as plain esc bytes=[27]
2026-08-14T09:44:57.433322Z  WARN herdr::raw_input: flushing lone escape after input timeout; if this follows an alt chord or focus switch it may reach the pane as plain esc bytes=[27]
2026-08-14T09:45:27.537116Z  WARN herdr::raw_input: flushing lone escape after input timeout; if this follows an alt chord or focus switch it may reach the pane as plain esc bytes=[27]
2026-08-14T09:45:27.538444Z  WARN herdr::raw_input: flushing lone escape after input timeout; if this follows an alt chord or focus switch it may reach the pane as plain esc bytes=[27]
2026-08-14T09:53:07.191689Z  WARN herdr::raw_input: flushing lone escape after input timeout; if this follows an alt chord or focus switch it may reach the pane as plain esc bytes=[27]
2026-08-14T09:53:07.192666Z  WARN herdr::raw_input: flushing lone escape after input timeout; if this follows an alt chord or focus switch it may reach the pane as plain esc bytes=[27]
2026-08-14T10:03:45.528813Z  WARN herdr::raw_input: flushing lone escape after input timeout; if this follows an alt chord or focus switch it may reach the pane as plain esc bytes=[27]
2026-08-14T10:03:45.529883Z  WARN herdr::raw_input: flushing lone escape after input timeout; if this follows an alt chord or focus switch it may reach the pane as plain esc bytes=[27]
2026-08-14T10:05:25.771498Z  WARN herdr::raw_input: flushing lone escape after input timeout; if this follows an alt chord or focus switch it may reach the pane as plain esc bytes=[27]
2026-08-14T10:05:25.772456Z  WARN herdr::raw_input: flushing lone escape after input timeout; if this follows an alt chord or focus switch it may reach the pane as plain esc bytes=[27]
2026-08-14T10:09:02.634190Z  WARN herdr::raw_input: flushing lone escape after input timeout; if this follows an alt chord or focus switch it may reach the pane as plain esc bytes=[27]
2026-08-14T10:09:02.636131Z  WARN herdr::raw_input: flushing lone escape after input timeout; if this follows an alt chord or focus switch it may reach the pane as plain esc bytes=[27]
2026-08-14T11:25:22.955228Z  WARN herdr::raw_input: flushing lone escape after input timeout; if this follows an alt chord or focus switch it may reach the pane as plain esc bytes=[27]
2026-08-14T11:25:22.955954Z  WARN herdr::raw_input: flushing lone escape after input timeout; if this follows an alt chord or focus switch it may reach the pane as plain esc bytes=[27]
2026-08-15T07:32:30.934905Z  WARN herdr::raw_input: flushing lone escape after input timeout; if this follows an alt chord or focus switch it may reach the pane as plain esc bytes=[27]
2026-08-15T07:32:30.935852Z  WARN herdr::raw_input: flushing lone escape after input timeout; if this follows an alt chord or focus switch it may reach the pane as plain esc bytes=[27]
2026-08-15T08:55:38.656713Z  WARN herdr::raw_input: flushing lone escape after input timeout; if this follows an alt chord or focus switch it may reach the pane as plain esc bytes=[27]
2026-08-15T08:55:38.657585Z  WARN herdr::raw_input: flushing lone escape after input timeout; if this follows an alt chord or focus switch it may reach the pane as plain esc bytes=[27]
2026-08-15T09:14:18.838319Z  WARN herdr::raw_input: flushing lone escape after input timeout; if this follows an alt chord or focus switch it may reach the pane as plain esc bytes=[27]
2026-08-15T09:14:18.839540Z  WARN herdr::raw_input: flushing lone escape after input timeout; if this follows an alt chord or focus switch it may reach the pane as plain esc bytes=[27]
2026-08-15T09:43:51.248690Z  WARN herdr::raw_input: flushing lone escape after input timeout; if this follows an alt chord or focus switch it may reach the pane as plain esc bytes=[27]
2026-08-15T09:43:51.249431Z  WARN herdr::raw_input: flushing lone escape after input timeout; if this follows an alt chord or focus switch it may reach the pane as plain esc bytes=[27]
2026-08-15T09:43:51.511150Z  WARN herdr::raw_input: flushing lone escape after input timeout; if this follows an alt chord or focus switch it may reach the pane as plain esc bytes=[27]
2026-08-15T09:43:51.511260Z  WARN herdr::raw_input: flushing lone escape after input timeout; if this follows an alt chord or focus switch it may reach the pane as plain esc bytes=[27]
2026-08-15T09:56:40.254101Z  WARN herdr::raw_input: flushing lone escape after input timeout; if this follows an alt chord or focus switch it may reach the pane as plain esc bytes=[27]
2026-08-15T09:56:40.255319Z  WARN herdr::raw_input: flushing lone escape after input timeout; if this follows an alt chord or focus switch it may reach the pane as plain esc bytes=[27]
2026-08-15T09:56:47.228406Z  WARN herdr::raw_input: flushing lone escape after input timeout; if this follows an alt chord or focus switch it may reach the pane as plain esc bytes=[27]
2026-08-15T09:56:47.228889Z  WARN herdr::raw_input: flushing lone escape after input timeout; if this follows an alt chord or focus switch it may reach the pane as plain esc bytes=[27]
2026-08-15T09:56:50.830832Z  WARN herdr::raw_input: flushing lone escape after input timeout; if this follows an alt chord or focus switch it may reach the pane as plain esc bytes=[27]
2026-08-15T09:56:50.830989Z  WARN herdr::raw_input: flushing lone escape after input timeout; if this follows an alt chord or focus switch it may reach the pane as plain esc bytes=[27]
2026-08-15T09:56:51.197151Z  WARN herdr::raw_input: flushing lone escape after input timeout; if this follows an alt chord or focus switch it may reach the pane as plain esc bytes=[27]
2026-08-15T09:56:51.197405Z  WARN herdr::raw_input: flushing lone escape after input timeout; if this follows an alt chord or focus switch it may reach the pane as plain esc bytes=[27]
2026-08-15T09:57:08.576570Z  WARN herdr::raw_input: flushing lone escape after input timeout; if this follows an alt chord or focus switch it may reach the pane as plain esc bytes=[27]
2026-08-15T09:57:08.577220Z  WARN herdr::raw_input: flushing lone escape after input timeout; if this follows an alt chord or focus switch it may reach the pane as plain esc bytes=[27]
2026-08-15T10:01:56.200450Z  WARN herdr::raw_input: flushing lone escape after input timeout; if this follows an alt chord or focus switch it may reach the pane as plain esc bytes=[27]
2026-08-15T10:01:56.200968Z  WARN herdr::raw_input: flushing lone escape after input timeout; if this follows an alt chord or focus switch it may reach the pane as plain esc bytes=[27]
2026-08-15T10:02:38.336068Z  WARN herdr::raw_input: flushing lone escape after input timeout; if this follows an alt chord or focus switch it may reach the pane as plain esc bytes=[27]
2026-08-15T10:02:38.336488Z  WARN herdr::raw_input: flushing lone escape after input timeout; if this follows an alt chord or focus switch it may reach the pane as plain esc bytes=[27]
2026-08-15T10:04:28.836118Z  WARN herdr::raw_input: flushing lone escape after input timeout; if this follows an alt chord or focus switch it may reach the pane as plain esc bytes=[27]
2026-08-15T10:04:28.836939Z  WARN herdr::raw_input: flushing lone escape after input timeout; if this follows an alt chord or focus switch it may reach the pane as plain esc bytes=[27]
2026-08-15T11:14:15.331018Z  WARN herdr::raw_input: flushing lone escape after input timeout; if this follows an alt chord or focus switch it may reach the pane as plain esc bytes=[27]
2026-08-15T11:14:15.332275Z  WARN herdr::raw_input: flushing lone escape after input timeout; if this follows an alt chord or focus switch it may reach the pane as plain esc bytes=[27]
2026-08-15T11:14:19.320260Z  WARN herdr::raw_input: flushing lone escape after input timeout; if this follows an alt chord or focus switch it may reach the pane as plain esc bytes=[27]
2026-08-15T11:14:19.320350Z  WARN herdr::raw_input: flushing lone escape after input timeout; if this follows an alt chord or focus switch it may reach the pane as plain esc bytes=[27]
2026-08-15T11:14:31.668265Z  WARN herdr::raw_input: flushing lone escape after input timeout; if this follows an alt chord or focus switch it may reach the pane as plain esc bytes=[27]
2026-08-15T11:14:31.669617Z  WARN herdr::raw_input: flushing lone escape after input timeout; if this follows an alt chord or focus switch it may reach the pane as plain esc bytes=[27]
2026-08-15T11:17:36.289619Z  WARN herdr::raw_input: flushing lone escape after input timeout; if this follows an alt chord or focus switch it may reach the pane as plain esc bytes=[27]
2026-08-15T12:15:30.683351Z  WARN herdr::raw_input: flushing lone escape after input timeout; if this follows an alt chord or focus switch it may reach the pane as plain esc bytes=[27]
2026-08-15T12:15:30.684355Z  WARN herdr::raw_input: flushing lone escape after input timeout; if this follows an alt chord or focus switch it may reach the pane as plain esc bytes=[27]
2026-08-15T12:20:46.790737Z  WARN herdr::raw_input: flushing lone escape after input timeout; if this follows an alt chord or focus switch it may reach the pane as plain esc bytes=[27]
2026-08-15T12:20:46.791080Z  WARN herdr::raw_input: flushing lone escape after input timeout; if this follows an alt chord or focus switch it may reach the pane as plain esc bytes=[27]
2026-08-15T12:21:05.418866Z  WARN herdr::raw_input: flushing lone escape after input timeout; if this follows an alt chord or focus switch it may reach the pane as plain esc bytes=[27]
2026-08-15T12:21:05.419078Z  WARN herdr::raw_input: flushing lone escape after input timeout; if this follows an alt chord or focus switch it may reach the pane as plain esc bytes=[27]
2026-08-15T12:21:11.022761Z  WARN herdr::raw_input: flushing lone escape after input timeout; if this follows an alt chord or focus switch it may reach the pane as plain esc bytes=[27]
2026-08-15T12:21:11.023129Z  WARN herdr::raw_input: flushing lone escape after input timeout; if this follows an alt chord or focus switch it may reach the pane as plain esc bytes=[27]
2026-08-15T12:22:13.628001Z  WARN herdr::raw_input: flushing lone escape after input timeout; if this follows an alt chord or focus switch it may reach the pane as plain esc bytes=[27]
2026-08-15T12:22:13.629664Z  WARN herdr::raw_input: flushing lone escape after input timeout; if this follows an alt chord or focus switch it may reach the pane as plain esc bytes=[27]
2026-08-15T12:22:43.970820Z  WARN herdr::raw_input: flushing lone escape after input timeout; if this follows an alt chord or focus switch it may reach the pane as plain esc bytes=[27]
2026-08-15T12:22:43.971208Z  WARN herdr::raw_input: flushing lone escape after input timeout; if this follows an alt chord or focus switch it may reach the pane as plain esc bytes=[27]
2026-08-15T12:35:10.482499Z  WARN herdr::raw_input: flushing lone escape after input timeout; if this follows an alt chord or focus switch it may reach the pane as plain esc bytes=[27]
2026-08-15T12:35:10.483054Z  WARN herdr::raw_input: flushing lone escape after input timeout; if this follows an alt chord or focus switch it may reach the pane as plain esc bytes=[27]
2026-08-15T12:35:26.637366Z  WARN herdr::raw_input: flushing lone escape after input timeout; if this follows an alt chord or focus switch it may reach the pane as plain esc bytes=[27]
2026-08-15T12:35:26.638344Z  WARN herdr::raw_input: flushing lone escape after input timeout; if this follows an alt chord or focus switch it may reach the pane as plain esc bytes=[27]
2026-08-15T13:10:58.469615Z  WARN herdr::raw_input: flushing lone escape after input timeout; if this follows an alt chord or focus switch it may reach the pane as plain esc bytes=[27]
2026-08-15T13:10:58.470484Z  WARN herdr::raw_input: flushing lone escape after input timeout; if this follows an alt chord or focus switch it may reach the pane as plain esc bytes=[27]
2026-08-15T13:11:38.647208Z  WARN herdr::raw_input: flushing lone escape after input timeout; if this follows an alt chord or focus switch it may reach the pane as plain esc bytes=[27]
2026-08-15T13:11:38.648566Z  WARN herdr::raw_input: flushing lone escape after input timeout; if this follows an alt chord or focus switch it may reach the pane as plain esc bytes=[27]
2026-08-15T13:11:40.715144Z  WARN herdr::raw_input: flushing lone escape after input timeout; if this follows an alt chord or focus switch it may reach the pane as plain esc bytes=[27]
2026-08-15T13:11:40.715306Z  WARN herdr::raw_input: flushing lone escape after input timeout; if this follows an alt chord or focus switch it may reach the pane as plain esc bytes=[27]
2026-08-15T13:27:54.201694Z  WARN herdr::raw_input: flushing lone escape after input timeout; if this follows an alt chord or focus switch it may reach the pane as plain esc bytes=[27]
2026-08-15T13:27:54.201990Z  WARN herdr::raw_input: flushing lone escape after input timeout; if this follows an alt chord or focus switch it may reach the pane as plain esc bytes=[27]
2026-08-15T13:27:56.110337Z  WARN herdr::raw_input: flushing lone escape after input timeout; if this follows an alt chord or focus switch it may reach the pane as plain esc bytes=[27]
2026-08-15T13:27:56.110442Z  WARN herdr::raw_input: flushing lone escape after input timeout; if this follows an alt chord or focus switch it may reach the pane as plain esc bytes=[27]
2026-08-15T13:27:56.342129Z  WARN herdr::raw_input: flushing lone escape after input timeout; if this follows an alt chord or focus switch it may reach the pane as plain esc bytes=[27]
2026-08-15T13:27:56.342264Z  WARN herdr::raw_input: flushing lone escape after input timeout; if this follows an alt chord or focus switch it may reach the pane as plain esc bytes=[27]
2026-08-15T13:27:56.599947Z  WARN herdr::raw_input: flushing lone escape after input timeout; if this follows an alt chord or focus switch it may reach the pane as plain esc bytes=[27]
2026-08-15T13:27:56.600063Z  WARN herdr::raw_input: flushing lone escape after input timeout; if this follows an alt chord or focus switch it may reach the pane as plain esc bytes=[27]
2026-08-15T13:28:13.808392Z  WARN herdr::raw_input: flushing lone escape after input timeout; if this follows an alt chord or focus switch it may reach the pane as plain esc bytes=[27]
2026-08-15T13:28:13.808774Z  WARN herdr::raw_input: flushing lone escape after input timeout; if this follows an alt chord or focus switch it may reach the pane as plain esc bytes=[27]
2026-08-15T13:40:08.191619Z  WARN herdr::raw_input: flushing lone escape after input timeout; if this follows an alt chord or focus switch it may reach the pane as plain esc bytes=[27]
2026-08-15T13:40:08.192092Z  WARN herdr::raw_input: flushing lone escape after input timeout; if this follows an alt chord or focus switch it may reach the pane as plain esc bytes=[27]
2026-08-15T13:42:48.144684Z  WARN herdr::raw_input: flushing lone escape after input timeout; if this follows an alt chord or focus switch it may reach the pane as plain esc bytes=[27]
2026-08-15T13:42:48.145138Z  WARN herdr::raw_input: flushing lone escape after input timeout; if this follows an alt chord or focus switch it may reach the pane as plain esc bytes=[27]
2026-08-16T01:18:02.353663Z  WARN herdr::raw_input: flushing lone escape after input timeout; if this follows an alt chord or focus switch it may reach the pane as plain esc bytes=[27]
2026-08-16T01:18:02.355318Z  WARN herdr::raw_input: flushing lone escape after input timeout; if this follows an alt chord or focus switch it may reach the pane as plain esc bytes=[27]
2026-08-16T01:20:06.142655Z  WARN herdr::raw_input: flushing lone escape after input timeout; if this follows an alt chord or focus switch it may reach the pane as plain esc bytes=[27]
2026-08-16T01:20:06.147461Z  WARN herdr::raw_input: flushing lone escape after input timeout; if this follows an alt chord or focus switch it may reach the pane as plain esc bytes=[27]
2026-08-16T01:20:06.433411Z  WARN herdr::raw_input: flushing lone escape after input timeout; if this follows an alt chord or focus switch it may reach the pane as plain esc bytes=[27]
2026-08-16T01:20:06.433515Z  WARN herdr::raw_input: flushing lone escape after input timeout; if this follows an alt chord or focus switch it may reach the pane as plain esc bytes=[27]
2026-08-16T01:20:06.874809Z  WARN herdr::raw_input: flushing lone escape after input timeout; if this follows an alt chord or focus switch it may reach the pane as plain esc bytes=[27]
2026-08-16T01:20:06.875015Z  WARN herdr::raw_input: flushing lone escape after input timeout; if this follows an alt chord or focus switch it may reach the pane as plain esc bytes=[27]
2026-08-16T01:20:07.766093Z  WARN herdr::raw_input: flushing lone escape after input timeout; if this follows an alt chord or focus switch it may reach the pane as plain esc bytes=[27]
2026-08-16T01:20:07.766286Z  WARN herdr::raw_input: flushing lone escape after input timeout; if this follows an alt chord or focus switch it may reach the pane as plain esc bytes=[27]
2026-08-16T01:20:08.847842Z  WARN herdr::raw_input: flushing lone escape after input timeout; if this follows an alt chord or focus switch it may reach the pane as plain esc bytes=[27]
2026-08-16T01:20:08.847975Z  WARN herdr::raw_input: flushing lone escape after input timeout; if this follows an alt chord or focus switch it may reach the pane as plain esc bytes=[27]
2026-08-16T01:48:38.390091Z  WARN herdr::raw_input: flushing lone escape after input timeout; if this follows an alt chord or focus switch it may reach the pane as plain esc bytes=[27]
2026-08-16T01:48:38.391143Z  WARN herdr::raw_input: flushing lone escape after input timeout; if this follows an alt chord or focus switch it may reach the pane as plain esc bytes=[27]
2026-08-16T01:56:04.494188Z  WARN herdr::raw_input: flushing lone escape after input timeout; if this follows an alt chord or focus switch it may reach the pane as plain esc bytes=[27]
2026-08-16T01:56:04.494568Z  WARN herdr::raw_input: flushing lone escape after input timeout; if this follows an alt chord or focus switch it may reach the pane as plain esc bytes=[27]
2026-08-16T02:00:28.362721Z  WARN herdr::raw_input: flushing lone escape after input timeout; if this follows an alt chord or focus switch it may reach the pane as plain esc bytes=[27]
2026-08-16T02:00:28.364158Z  WARN herdr::raw_input: flushing lone escape after input timeout; if this follows an alt chord or focus switch it may reach the pane as plain esc bytes=[27]
2026-08-16T02:00:28.888574Z  WARN herdr::raw_input: flushing lone escape after input timeout; if this follows an alt chord or focus switch it may reach the pane as plain esc bytes=[27]
2026-08-16T02:00:28.888747Z  WARN herdr::raw_input: flushing lone escape after input timeout; if this follows an alt chord or focus switch it may reach the pane as plain esc bytes=[27]
2026-08-16T02:06:20.190974Z  WARN herdr::raw_input: flushing lone escape after input timeout; if this follows an alt chord or focus switch it may reach the pane as plain esc bytes=[27]
2026-08-16T02:06:20.192825Z  WARN herdr::raw_input: flushing lone escape after input timeout; if this follows an alt chord or focus switch it may reach the pane as plain esc bytes=[27]
2026-08-16T02:07:13.084737Z  WARN herdr::raw_input: flushing lone escape after input timeout; if this follows an alt chord or focus switch it may reach the pane as plain esc bytes=[27]
2026-08-16T02:07:13.085620Z  WARN herdr::raw_input: flushing lone escape after input timeout; if this follows an alt chord or focus switch it may reach the pane as plain esc bytes=[27]
2026-08-16T02:07:13.443694Z  WARN herdr::raw_input: flushing lone escape after input timeout; if this follows an alt chord or focus switch it may reach the pane as plain esc bytes=[27]
2026-08-16T02:07:13.443824Z  WARN herdr::raw_input: flushing lone escape after input timeout; if this follows an alt chord or focus switch it may reach the pane as plain esc bytes=[27]
2026-08-16T03:05:42.711013Z  WARN herdr::raw_input: flushing lone escape after input timeout; if this follows an alt chord or focus switch it may reach the pane as plain esc bytes=[27]
2026-08-16T03:05:42.711571Z  WARN herdr::raw_input: flushing lone escape after input timeout; if this follows an alt chord or focus switch it may reach the pane as plain esc bytes=[27]
2026-08-16T03:46:23.675252Z  WARN herdr::raw_input: flushing lone escape after input timeout; if this follows an alt chord or focus switch it may reach the pane as plain esc bytes=[27]
2026-08-16T03:46:23.676915Z  WARN herdr::raw_input: flushing lone escape after input timeout; if this follows an alt chord or focus switch it may reach the pane as plain esc bytes=[27]
2026-08-16T04:08:02.766257Z  WARN herdr::raw_input: flushing lone escape after input timeout; if this follows an alt chord or focus switch it may reach the pane as plain esc bytes=[27]
2026-08-16T04:08:02.767211Z  WARN herdr::raw_input: flushing lone escape after input timeout; if this follows an alt chord or focus switch it may reach the pane as plain esc bytes=[27]
2026-08-16T04:08:02.978249Z  WARN herdr::raw_input: flushing lone escape after input timeout; if this follows an alt chord or focus switch it may reach the pane as plain esc bytes=[27]
2026-08-16T04:08:02.978567Z  WARN herdr::raw_input: flushing lone escape after input timeout; if this follows an alt chord or focus switch it may reach the pane as plain esc bytes=[27]
2026-08-16T04:08:03.161411Z  WARN herdr::raw_input: flushing lone escape after input timeout; if this follows an alt chord or focus switch it may reach the pane as plain esc bytes=[27]
2026-08-16T04:08:03.161549Z  WARN herdr::raw_input: flushing lone escape after input timeout; if this follows an alt chord or focus switch it may reach the pane as plain esc bytes=[27]
2026-08-16T04:08:03.393273Z  WARN herdr::raw_input: flushing lone escape after input timeout; if this follows an alt chord or focus switch it may reach the pane as plain esc bytes=[27]
2026-08-16T04:08:03.393413Z  WARN herdr::raw_input: flushing lone escape after input timeout; if this follows an alt chord or focus switch it may reach the pane as plain esc bytes=[27]
2026-08-16T04:08:04.914108Z  WARN herdr::raw_input: flushing lone escape after input timeout; if this follows an alt chord or focus switch it may reach the pane as plain esc bytes=[27]
2026-08-16T04:08:05.539369Z  WARN herdr::raw_input: flushing lone escape after input timeout; if this follows an alt chord or focus switch it may reach the pane as plain esc bytes=[27]
2026-08-16T04:08:05.539564Z  WARN herdr::raw_input: flushing lone escape after input timeout; if this follows an alt chord or focus switch it may reach the pane as plain esc bytes=[27]
2026-08-16T04:08:05.732688Z  WARN herdr::raw_input: flushing lone escape after input timeout; if this follows an alt chord or focus switch it may reach the pane as plain esc bytes=[27]
2026-08-16T04:17:14.237207Z  WARN herdr::raw_input: flushing lone escape after input timeout; if this follows an alt chord or focus switch it may reach the pane as plain esc bytes=[27]
2026-08-16T04:17:14.238093Z  WARN herdr::raw_input: flushing lone escape after input timeout; if this follows an alt chord or focus switch it may reach the pane as plain esc bytes=[27]
2026-08-16T04:20:20.919214Z  WARN herdr::raw_input: flushing lone escape after input timeout; if this follows an alt chord or focus switch it may reach the pane as plain esc bytes=[27]
2026-08-16T04:20:20.921595Z  WARN herdr::raw_input: flushing lone escape after input timeout; if this follows an alt chord or focus switch it may reach the pane as plain esc bytes=[27]
2026-08-16T04:39:48.535650Z  WARN herdr::raw_input: flushing lone escape after input timeout; if this follows an alt chord or focus switch it may reach the pane as plain esc bytes=[27]
2026-08-16T04:39:48.536460Z  WARN herdr::raw_input: flushing lone escape after input timeout; if this follows an alt chord or focus switch it may reach the pane as plain esc bytes=[27]
2026-08-16T04:42:22.669601Z  WARN herdr::raw_input: flushing lone escape after input timeout; if this follows an alt chord or focus switch it may reach the pane as plain esc bytes=[27]
2026-08-16T04:42:22.670987Z  WARN herdr::raw_input: flushing lone escape after input timeout; if this follows an alt chord or focus switch it may reach the pane as plain esc bytes=[27]
2026-08-16T04:45:48.527483Z  WARN herdr::raw_input: flushing lone escape after input timeout; if this follows an alt chord or focus switch it may reach the pane as plain esc bytes=[27]
2026-08-16T04:45:48.529495Z  WARN herdr::raw_input: flushing lone escape after input timeout; if this follows an alt chord or focus switch it may reach the pane as plain esc bytes=[27]
2026-08-16T04:46:30.607692Z  WARN herdr::raw_input: flushing lone escape after input timeout; if this follows an alt chord or focus switch it may reach the pane as plain esc bytes=[27]
2026-08-16T04:46:30.608797Z  WARN herdr::raw_input: flushing lone escape after input timeout; if this follows an alt chord or focus switch it may reach the pane as plain esc bytes=[27]
2026-08-17T03:31:32.556153Z  WARN herdr::raw_input: flushing lone escape after input timeout; if this follows an alt chord or focus switch it may reach the pane as plain esc bytes=[27]
2026-08-17T03:31:32.557975Z  WARN herdr::raw_input: flushing lone escape after input timeout; if this follows an alt chord or focus switch it may reach the pane as plain esc bytes=[27]
2026-08-17T03:33:18.346087Z  WARN herdr::raw_input: flushing lone escape after input timeout; if this follows an alt chord or focus switch it may reach the pane as plain esc bytes=[27]
2026-08-17T03:33:18.347285Z  WARN herdr::raw_input: flushing lone escape after input timeout; if this follows an alt chord or focus switch it may reach the pane as plain esc bytes=[27]
2026-08-17T03:33:18.620168Z  WARN herdr::raw_input: flushing lone escape after input timeout; if this follows an alt chord or focus switch it may reach the pane as plain esc bytes=[27]
2026-08-17T03:33:18.620320Z  WARN herdr::raw_input: flushing lone escape after input timeout; if this follows an alt chord or focus switch it may reach the pane as plain esc bytes=[27]
2026-08-17T03:33:18.885850Z  WARN herdr::raw_input: flushing lone escape after input timeout; if this follows an alt chord or focus switch it may reach the pane as plain esc bytes=[27]
2026-08-17T03:33:18.885951Z  WARN herdr::raw_input: flushing lone escape after input timeout; if this follows an alt chord or focus switch it may reach the pane as plain esc bytes=[27]
2026-08-17T03:33:51.600222Z  WARN herdr::raw_input: flushing lone escape after input timeout; if this follows an alt chord or focus switch it may reach the pane as plain esc bytes=[27]
2026-08-17T03:33:51.600450Z  WARN herdr::raw_input: flushing lone escape after input timeout; if this follows an alt chord or focus switch it may reach the pane as plain esc bytes=[27]
2026-08-17T03:34:02.519460Z  WARN herdr::raw_input: flushing lone escape after input timeout; if this follows an alt chord or focus switch it may reach the pane as plain esc bytes=[27]
2026-08-17T03:34:02.519868Z  WARN herdr::raw_input: flushing lone escape after input timeout; if this follows an alt chord or focus switch it may reach the pane as plain esc bytes=[27]
2026-08-17T03:34:02.866068Z  WARN herdr::raw_input: flushing lone escape after input timeout; if this follows an alt chord or focus switch it may reach the pane as plain esc bytes=[27]
2026-08-17T03:34:02.866239Z  WARN herdr::raw_input: flushing lone escape after input timeout; if this follows an alt chord or focus switch it may reach the pane as plain esc bytes=[27]
2026-08-17T03:34:26.868710Z  WARN herdr::raw_input: flushing lone escape after input timeout; if this follows an alt chord or focus switch it may reach the pane as plain esc bytes=[27]
2026-08-17T03:34:26.869312Z  WARN herdr::raw_input: flushing lone escape after input timeout; if this follows an alt chord or focus switch it may reach the pane as plain esc bytes=[27]
2026-08-17T03:35:33.548601Z  WARN herdr::raw_input: flushing lone escape after input timeout; if this follows an alt chord or focus switch it may reach the pane as plain esc bytes=[27]
2026-08-17T03:35:33.549599Z  WARN herdr::raw_input: flushing lone escape after input timeout; if this follows an alt chord or focus switch it may reach the pane as plain esc bytes=[27]
2026-08-17T03:35:48.541520Z  WARN herdr::raw_input: flushing lone escape after input timeout; if this follows an alt chord or focus switch it may reach the pane as plain esc bytes=[27]
2026-08-17T03:35:48.542606Z  WARN herdr::raw_input: flushing lone escape after input timeout; if this follows an alt chord or focus switch it may reach the pane as plain esc bytes=[27]
2026-08-17T04:12:03.353720Z  INFO herdr::logging: herdr starting event="app.startup" subsystem="client" outcome="started" pid=1969
2026-08-17T04:12:03.353926Z  INFO herdr::client: connecting to server path=/Users/macos/.config/herdr/herdr-client.sock
2026-08-17T04:12:03.357208Z  INFO herdr::client: handshake succeeded version=19 encoding=SemanticFrame
2026-08-17T04:13:30.576439Z  WARN herdr::raw_input: flushing lone escape after input timeout; if this follows an alt chord or focus switch it may reach the pane as plain esc bytes=[27]
2026-08-17T04:13:30.577322Z  WARN herdr::raw_input: flushing lone escape after input timeout; if this follows an alt chord or focus switch it may reach the pane as plain esc bytes=[27]
2026-08-17T04:13:51.168370Z  WARN herdr::raw_input: flushing lone escape after input timeout; if this follows an alt chord or focus switch it may reach the pane as plain esc bytes=[27]
2026-08-17T04:13:51.169359Z  WARN herdr::raw_input: flushing lone escape after input timeout; if this follows an alt chord or focus switch it may reach the pane as plain esc bytes=[27]
2026-08-17T07:32:01.369190Z  WARN herdr::raw_input: flushing lone escape after input timeout; if this follows an alt chord or focus switch it may reach the pane as plain esc bytes=[27]
2026-08-17T07:32:01.370379Z  WARN herdr::raw_input: flushing lone escape after input timeout; if this follows an alt chord or focus switch it may reach the pane as plain esc bytes=[27]
2026-08-17T08:42:05.615904Z  WARN herdr::raw_input: flushing lone escape after input timeout; if this follows an alt chord or focus switch it may reach the pane as plain esc bytes=[27]
2026-08-17T08:42:05.616637Z  WARN herdr::raw_input: flushing lone escape after input timeout; if this follows an alt chord or focus switch it may reach the pane as plain esc bytes=[27]
2026-08-17T12:31:01.944350Z  WARN herdr::raw_input: flushing lone escape after input timeout; if this follows an alt chord or focus switch it may reach the pane as plain esc bytes=[27]
2026-08-17T12:31:01.945763Z  WARN herdr::raw_input: flushing lone escape after input timeout; if this follows an alt chord or focus switch it may reach the pane as plain esc bytes=[27]
2026-08-17T12:31:09.306768Z  WARN herdr::raw_input: flushing lone escape after input timeout; if this follows an alt chord or focus switch it may reach the pane as plain esc bytes=[27]
2026-08-17T12:31:09.307571Z  WARN herdr::raw_input: flushing lone escape after input timeout; if this follows an alt chord or focus switch it may reach the pane as plain esc bytes=[27]
2026-08-17T12:31:12.594577Z  WARN herdr::raw_input: flushing lone escape after input timeout; if this follows an alt chord or focus switch it may reach the pane as plain esc bytes=[27]
2026-08-17T12:31:12.594785Z  WARN herdr::raw_input: flushing lone escape after input timeout; if this follows an alt chord or focus switch it may reach the pane as plain esc bytes=[27]
2026-08-17T12:31:39.773508Z  WARN herdr::raw_input: flushing lone escape after input timeout; if this follows an alt chord or focus switch it may reach the pane as plain esc bytes=[27]
2026-08-17T12:31:39.773915Z  WARN herdr::raw_input: flushing lone escape after input timeout; if this follows an alt chord or focus switch it may reach the pane as plain esc bytes=[27]
2026-08-17T12:31:42.966452Z  WARN herdr::raw_input: flushing lone escape after input timeout; if this follows an alt chord or focus switch it may reach the pane as plain esc bytes=[27]
2026-08-17T12:31:42.966639Z  WARN herdr::raw_input: flushing lone escape after input timeout; if this follows an alt chord or focus switch it may reach the pane as plain esc bytes=[27]
2026-08-17T12:32:21.802337Z  WARN herdr::raw_input: flushing lone escape after input timeout; if this follows an alt chord or focus switch it may reach the pane as plain esc bytes=[27]
2026-08-17T12:32:21.803504Z  WARN herdr::raw_input: flushing lone escape after input timeout; if this follows an alt chord or focus switch it may reach the pane as plain esc bytes=[27]
2026-08-17T12:37:18.364600Z  WARN herdr::raw_input: flushing lone escape after input timeout; if this follows an alt chord or focus switch it may reach the pane as plain esc bytes=[27]
2026-08-17T12:37:18.366376Z  WARN herdr::raw_input: flushing lone escape after input timeout; if this follows an alt chord or focus switch it may reach the pane as plain esc bytes=[27]
2026-08-17T12:37:19.142951Z  WARN herdr::raw_input: flushing lone escape after input timeout; if this follows an alt chord or focus switch it may reach the pane as plain esc bytes=[27]
2026-08-17T12:37:19.143086Z  WARN herdr::raw_input: flushing lone escape after input timeout; if this follows an alt chord or focus switch it may reach the pane as plain esc bytes=[27]
2026-08-17T13:22:18.780971Z  WARN herdr::raw_input: flushing lone escape after input timeout; if this follows an alt chord or focus switch it may reach the pane as plain esc bytes=[27]
2026-08-17T13:22:18.781145Z  WARN herdr::raw_input: flushing lone escape after input timeout; if this follows an alt chord or focus switch it may reach the pane as plain esc bytes=[27]
2026-08-17T13:49:58.386050Z  WARN herdr::raw_input: flushing lone escape after input timeout; if this follows an alt chord or focus switch it may reach the pane as plain esc bytes=[27]
2026-08-17T13:49:58.387606Z  WARN herdr::raw_input: flushing lone escape after input timeout; if this follows an alt chord or focus switch it may reach the pane as plain esc bytes=[27]
2026-08-17T13:49:59.838181Z  WARN herdr::raw_input: flushing lone escape after input timeout; if this follows an alt chord or focus switch it may reach the pane as plain esc bytes=[27]
2026-08-17T13:49:59.838332Z  WARN herdr::raw_input: flushing lone escape after input timeout; if this follows an alt chord or focus switch it may reach the pane as plain esc bytes=[27]
2026-08-18T00:39:01.992320Z  WARN herdr::raw_input: flushing lone escape after input timeout; if this follows an alt chord or focus switch it may reach the pane as plain esc bytes=[27]
2026-08-18T00:39:01.994168Z  WARN herdr::raw_input: flushing lone escape after input timeout; if this follows an alt chord or focus switch it may reach the pane as plain esc bytes=[27]
2026-08-18T00:41:17.053078Z  WARN herdr::raw_input: flushing lone escape after input timeout; if this follows an alt chord or focus switch it may reach the pane as plain esc bytes=[27]
2026-08-18T00:41:17.054876Z  WARN herdr::raw_input: flushing lone escape after input timeout; if this follows an alt chord or focus switch it may reach the pane as plain esc bytes=[27]
2026-08-18T00:41:17.480227Z  WARN herdr::raw_input: flushing lone escape after input timeout; if this follows an alt chord or focus switch it may reach the pane as plain esc bytes=[27]
2026-08-18T00:41:17.480264Z  WARN herdr::raw_input: flushing lone escape after input timeout; if this follows an alt chord or focus switch it may reach the pane as plain esc bytes=[27]
2026-08-18T00:46:08.037937Z  WARN herdr::raw_input: flushing lone escape after input timeout; if this follows an alt chord or focus switch it may reach the pane as plain esc bytes=[27]
2026-08-18T00:46:08.039630Z  WARN herdr::raw_input: flushing lone escape after input timeout; if this follows an alt chord or focus switch it may reach the pane as plain esc bytes=[27]
2026-08-18T00:48:27.918366Z  WARN herdr::raw_input: flushing lone escape after input timeout; if this follows an alt chord or focus switch it may reach the pane as plain esc bytes=[27]
2026-08-18T00:48:27.920412Z  WARN herdr::raw_input: flushing lone escape after input timeout; if this follows an alt chord or focus switch it may reach the pane as plain esc bytes=[27]
2026-08-18T00:49:29.942185Z  WARN herdr::raw_input: flushing lone escape after input timeout; if this follows an alt chord or focus switch it may reach the pane as plain esc bytes=[27]
2026-08-18T00:49:29.943896Z  WARN herdr::raw_input: flushing lone escape after input timeout; if this follows an alt chord or focus switch it may reach the pane as plain esc bytes=[27]
2026-08-19T04:07:00.413174Z  WARN herdr::raw_input: flushing lone escape after input timeout; if this follows an alt chord or focus switch it may reach the pane as plain esc bytes=[27]
2026-08-19T04:07:00.414522Z  WARN herdr::raw_input: flushing lone escape after input timeout; if this follows an alt chord or focus switch it may reach the pane as plain esc bytes=[27]
2026-08-19T04:09:07.395655Z  WARN herdr::raw_input: flushing lone escape after input timeout; if this follows an alt chord or focus switch it may reach the pane as plain esc bytes=[27]
2026-08-19T04:09:07.397104Z  WARN herdr::raw_input: flushing lone escape after input timeout; if this follows an alt chord or focus switch it may reach the pane as plain esc bytes=[27]
2026-08-19T04:09:21.362662Z  WARN herdr::raw_input: flushing lone escape after input timeout; if this follows an alt chord or focus switch it may reach the pane as plain esc bytes=[27]
2026-08-19T04:09:21.364439Z  WARN herdr::raw_input: flushing lone escape after input timeout; if this follows an alt chord or focus switch it may reach the pane as plain esc bytes=[27]
2026-08-19T04:09:21.735701Z  WARN herdr::raw_input: flushing lone escape after input timeout; if this follows an alt chord or focus switch it may reach the pane as plain esc bytes=[27]
2026-08-19T04:09:21.735850Z  WARN herdr::raw_input: flushing lone escape after input timeout; if this follows an alt chord or focus switch it may reach the pane as plain esc bytes=[27]
2026-08-19T04:30:52.622164Z  WARN herdr::raw_input: flushing lone escape after input timeout; if this follows an alt chord or focus switch it may reach the pane as plain esc bytes=[27]
2026-08-19T04:30:52.623570Z  WARN herdr::raw_input: flushing lone escape after input timeout; if this follows an alt chord or focus switch it may reach the pane as plain esc bytes=[27]
2026-08-19T04:31:08.670357Z  WARN herdr::raw_input: flushing lone escape after input timeout; if this follows an alt chord or focus switch it may reach the pane as plain esc bytes=[27]
2026-08-19T04:31:08.671521Z  WARN herdr::raw_input: flushing lone escape after input timeout; if this follows an alt chord or focus switch it may reach the pane as plain esc bytes=[27]
2026-08-19T04:31:11.257980Z  WARN herdr::raw_input: flushing lone escape after input timeout; if this follows an alt chord or focus switch it may reach the pane as plain esc bytes=[27]
2026-08-19T04:31:11.258101Z  WARN herdr::raw_input: flushing lone escape after input timeout; if this follows an alt chord or focus switch it may reach the pane as plain esc bytes=[27]
2026-08-19T04:31:17.856892Z  WARN herdr::raw_input: flushing lone escape after input timeout; if this follows an alt chord or focus switch it may reach the pane as plain esc bytes=[27]
2026-08-19T04:31:17.857485Z  WARN herdr::raw_input: flushing lone escape after input timeout; if this follows an alt chord or focus switch it may reach the pane as plain esc bytes=[27]
2026-08-19T04:31:19.526102Z  WARN herdr::raw_input: flushing lone escape after input timeout; if this follows an alt chord or focus switch it may reach the pane as plain esc bytes=[27]
2026-08-19T04:31:19.526315Z  WARN herdr::raw_input: flushing lone escape after input timeout; if this follows an alt chord or focus switch it may reach the pane as plain esc bytes=[27]
2026-08-19T04:31:19.945797Z  WARN herdr::raw_input: flushing lone escape after input timeout; if this follows an alt chord or focus switch it may reach the pane as plain esc bytes=[27]
2026-08-19T04:31:19.945963Z  WARN herdr::raw_input: flushing lone escape after input timeout; if this follows an alt chord or focus switch it may reach the pane as plain esc bytes=[27]
2026-08-19T04:31:23.319569Z  WARN herdr::raw_input: flushing lone escape after input timeout; if this follows an alt chord or focus switch it may reach the pane as plain esc bytes=[27]
2026-08-19T04:31:23.320524Z  WARN herdr::raw_input: flushing lone escape after input timeout; if this follows an alt chord or focus switch it may reach the pane as plain esc bytes=[27]
2026-08-19T04:31:23.794652Z  WARN herdr::raw_input: flushing lone escape after input timeout; if this follows an alt chord or focus switch it may reach the pane as plain esc bytes=[27]
2026-08-19T04:31:23.794753Z  WARN herdr::raw_input: flushing lone escape after input timeout; if this follows an alt chord or focus switch it may reach the pane as plain esc bytes=[27]
2026-08-19T04:31:24.593303Z  WARN herdr::raw_input: flushing lone escape after input timeout; if this follows an alt chord or focus switch it may reach the pane as plain esc bytes=[27]
2026-08-19T04:31:24.593484Z  WARN herdr::raw_input: flushing lone escape after input timeout; if this follows an alt chord or focus switch it may reach the pane as plain esc bytes=[27]
2026-08-19T09:37:54.745138Z  WARN herdr::raw_input: flushing lone escape after input timeout; if this follows an alt chord or focus switch it may reach the pane as plain esc bytes=[27]
2026-08-19T09:37:54.745981Z  WARN herdr::raw_input: flushing lone escape after input timeout; if this follows an alt chord or focus switch it may reach the pane as plain esc bytes=[27]
2026-08-19T09:38:38.123821Z  WARN herdr::raw_input: flushing lone escape after input timeout; if this follows an alt chord or focus switch it may reach the pane as plain esc bytes=[27]
2026-08-19T09:38:38.125535Z  WARN herdr::raw_input: flushing lone escape after input timeout; if this follows an alt chord or focus switch it may reach the pane as plain esc bytes=[27]
2026-08-19T16:00:15.749529Z  WARN herdr::raw_input: flushing lone escape after input timeout; if this follows an alt chord or focus switch it may reach the pane as plain esc bytes=[27]
2026-08-19T16:00:15.751119Z  WARN herdr::raw_input: flushing lone escape after input timeout; if this follows an alt chord or focus switch it may reach the pane as plain esc bytes=[27]
2026-08-19T16:00:16.140915Z  WARN herdr::raw_input: flushing lone escape after input timeout; if this follows an alt chord or focus switch it may reach the pane as plain esc bytes=[27]
2026-08-19T16:00:16.141166Z  WARN herdr::raw_input: flushing lone escape after input timeout; if this follows an alt chord or focus switch it may reach the pane as plain esc bytes=[27]
2026-08-19T16:32:43.946327Z  WARN herdr::raw_input: flushing lone escape after input timeout; if this follows an alt chord or focus switch it may reach the pane as plain esc bytes=[27]
2026-08-19T16:32:43.946618Z  WARN herdr::raw_input: flushing lone escape after input timeout; if this follows an alt chord or focus switch it may reach the pane as plain esc bytes=[27]
2026-08-19T16:32:44.237504Z  WARN herdr::raw_input: flushing lone escape after input timeout; if this follows an alt chord or focus switch it may reach the pane as plain esc bytes=[27]
2026-08-19T16:32:44.237548Z  WARN herdr::raw_input: flushing lone escape after input timeout; if this follows an alt chord or focus switch it may reach the pane as plain esc bytes=[27]
2026-08-19T16:42:18.144931Z  WARN herdr::raw_input: flushing lone escape after input timeout; if this follows an alt chord or focus switch it may reach the pane as plain esc bytes=[27]
2026-08-19T16:42:18.145777Z  WARN herdr::raw_input: flushing lone escape after input timeout; if this follows an alt chord or focus switch it may reach the pane as plain esc bytes=[27]
2026-08-20T03:33:52.504698Z  WARN herdr::raw_input: flushing lone escape after input timeout; if this follows an alt chord or focus switch it may reach the pane as plain esc bytes=[27]
2026-08-20T03:33:52.506195Z  WARN herdr::raw_input: flushing lone escape after input timeout; if this follows an alt chord or focus switch it may reach the pane as plain esc bytes=[27]
2026-08-20T03:33:55.803896Z  WARN herdr::raw_input: flushing lone escape after input timeout; if this follows an alt chord or focus switch it may reach the pane as plain esc bytes=[27]
2026-08-20T03:33:55.804154Z  WARN herdr::raw_input: flushing lone escape after input timeout; if this follows an alt chord or focus switch it may reach the pane as plain esc bytes=[27]
2026-08-20T03:33:57.538359Z  WARN herdr::raw_input: flushing lone escape after input timeout; if this follows an alt chord or focus switch it may reach the pane as plain esc bytes=[27]
2026-08-20T03:33:57.538565Z  WARN herdr::raw_input: flushing lone escape after input timeout; if this follows an alt chord or focus switch it may reach the pane as plain esc bytes=[27]
2026-08-20T03:34:10.866336Z  WARN herdr::raw_input: flushing lone escape after input timeout; if this follows an alt chord or focus switch it may reach the pane as plain esc bytes=[27]
2026-08-20T03:34:10.867588Z  WARN herdr::raw_input: flushing lone escape after input timeout; if this follows an alt chord or focus switch it may reach the pane as plain esc bytes=[27]
2026-08-20T07:43:11.126188Z  WARN herdr::raw_input: flushing lone escape after input timeout; if this follows an alt chord or focus switch it may reach the pane as plain esc bytes=[27]
2026-08-20T07:43:11.126512Z  WARN herdr::raw_input: flushing lone escape after input timeout; if this follows an alt chord or focus switch it may reach the pane as plain esc bytes=[27]
2026-08-20T07:43:11.499415Z  WARN herdr::raw_input: flushing lone escape after input timeout; if this follows an alt chord or focus switch it may reach the pane as plain esc bytes=[27]
2026-08-20T07:43:11.499572Z  WARN herdr::raw_input: flushing lone escape after input timeout; if this follows an alt chord or focus switch it may reach the pane as plain esc bytes=[27]
2026-08-20T07:43:12.696157Z  WARN herdr::raw_input: flushing lone escape after input timeout; if this follows an alt chord or focus switch it may reach the pane as plain esc bytes=[27]
2026-08-20T07:43:12.696357Z  WARN herdr::raw_input: flushing lone escape after input timeout; if this follows an alt chord or focus switch it may reach the pane as plain esc bytes=[27]
2026-08-20T07:43:12.951912Z  WARN herdr::raw_input: flushing lone escape after input timeout; if this follows an alt chord or focus switch it may reach the pane as plain esc bytes=[27]
2026-08-20T07:43:12.952306Z  WARN herdr::raw_input: flushing lone escape after input timeout; if this follows an alt chord or focus switch it may reach the pane as plain esc bytes=[27]
2026-08-20T08:15:52.114533Z  INFO herdr::logging: herdr starting event="app.startup" subsystem="client" outcome="started" pid=38136
2026-08-20T08:15:52.114764Z  INFO herdr::client: connecting to server path=/Users/macos/.config/herdr/herdr-client.sock
2026-08-20T08:15:52.317582Z  INFO herdr::client: handshake succeeded version=19 encoding=SemanticFrame
2026-08-20T08:29:45.049225Z  WARN herdr::raw_input: flushing lone escape after input timeout; if this follows an alt chord or focus switch it may reach the pane as plain esc bytes=[27]
2026-08-20T08:29:45.049523Z  WARN herdr::raw_input: flushing lone escape after input timeout; if this follows an alt chord or focus switch it may reach the pane as plain esc bytes=[27]
2026-08-20T08:29:45.822542Z  WARN herdr::raw_input: flushing lone escape after input timeout; if this follows an alt chord or focus switch it may reach the pane as plain esc bytes=[27]
2026-08-20T08:29:45.822810Z  WARN herdr::raw_input: flushing lone escape after input timeout; if this follows an alt chord or focus switch it may reach the pane as plain esc bytes=[27]
2026-08-20T08:32:16.746133Z  WARN herdr::raw_input: flushing lone escape after input timeout; if this follows an alt chord or focus switch it may reach the pane as plain esc bytes=[27]
2026-08-20T08:32:16.748051Z  WARN herdr::raw_input: flushing lone escape after input timeout; if this follows an alt chord or focus switch it may reach the pane as plain esc bytes=[27]
2026-08-20T08:32:16.968971Z  WARN herdr::raw_input: flushing lone escape after input timeout; if this follows an alt chord or focus switch it may reach the pane as plain esc bytes=[27]
2026-08-20T08:32:16.969198Z  WARN herdr::raw_input: flushing lone escape after input timeout; if this follows an alt chord or focus switch it may reach the pane as plain esc bytes=[27]
2026-08-20T08:32:17.428309Z  WARN herdr::raw_input: flushing lone escape after input timeout; if this follows an alt chord or focus switch it may reach the pane as plain esc bytes=[27]
2026-08-20T08:32:17.428556Z  WARN herdr::raw_input: flushing lone escape after input timeout; if this follows an alt chord or focus switch it may reach the pane as plain esc bytes=[27]
2026-08-20T08:32:17.862682Z  WARN herdr::raw_input: flushing lone escape after input timeout; if this follows an alt chord or focus switch it may reach the pane as plain esc bytes=[27]
2026-08-20T08:32:17.862960Z  WARN herdr::raw_input: flushing lone escape after input timeout; if this follows an alt chord or focus switch it may reach the pane as plain esc bytes=[27]
2026-08-20T09:33:16.351964Z  WARN herdr::raw_input: flushing lone escape after input timeout; if this follows an alt chord or focus switch it may reach the pane as plain esc bytes=[27]
2026-08-20T09:33:16.354133Z  WARN herdr::raw_input: flushing lone escape after input timeout; if this follows an alt chord or focus switch it may reach the pane as plain esc bytes=[27]
2026-08-20T09:33:22.169461Z  WARN herdr::raw_input: flushing lone escape after input timeout; if this follows an alt chord or focus switch it may reach the pane as plain esc bytes=[27]
2026-08-20T09:33:22.170015Z  WARN herdr::raw_input: flushing lone escape after input timeout; if this follows an alt chord or focus switch it may reach the pane as plain esc bytes=[27]
2026-08-20T09:33:22.529471Z  WARN herdr::raw_input: flushing lone escape after input timeout; if this follows an alt chord or focus switch it may reach the pane as plain esc bytes=[27]
2026-08-20T09:33:22.529737Z  WARN herdr::raw_input: flushing lone escape after input timeout; if this follows an alt chord or focus switch it may reach the pane as plain esc bytes=[27]
2026-08-20T09:33:22.901453Z  WARN herdr::raw_input: flushing lone escape after input timeout; if this follows an alt chord or focus switch it may reach the pane as plain esc bytes=[27]
2026-08-20T09:33:22.901707Z  WARN herdr::raw_input: flushing lone escape after input timeout; if this follows an alt chord or focus switch it may reach the pane as plain esc bytes=[27]
2026-08-20T09:33:32.293415Z  WARN herdr::raw_input: flushing lone escape after input timeout; if this follows an alt chord or focus switch it may reach the pane as plain esc bytes=[27]
2026-08-20T09:33:32.294262Z  WARN herdr::raw_input: flushing lone escape after input timeout; if this follows an alt chord or focus switch it may reach the pane as plain esc bytes=[27]
2026-08-20T10:04:05.928304Z  INFO herdr::logging: herdr exiting event="app.shutdown" subsystem="client" outcome="completed" pid=38136
2026-08-20T10:04:08.652953Z  INFO herdr::logging: herdr starting event="app.startup" subsystem="client" outcome="started" pid=62523
2026-08-20T10:04:08.652997Z  INFO herdr::client: connecting to server path=/Users/macos/.config/herdr/herdr-client.sock
2026-08-20T10:04:08.741770Z  INFO herdr::client: handshake succeeded version=19 encoding=SemanticFrame
2026-08-20T10:04:30.723587Z  WARN herdr::raw_input: flushing lone escape after input timeout; if this follows an alt chord or focus switch it may reach the pane as plain esc bytes=[27]
2026-08-20T10:04:30.724046Z  WARN herdr::raw_input: flushing lone escape after input timeout; if this follows an alt chord or focus switch it may reach the pane as plain esc bytes=[27]
2026-08-20T10:04:30.947424Z  WARN herdr::raw_input: flushing lone escape after input timeout; if this follows an alt chord or focus switch it may reach the pane as plain esc bytes=[27]
2026-08-20T10:04:30.947554Z  WARN herdr::raw_input: flushing lone escape after input timeout; if this follows an alt chord or focus switch it may reach the pane as plain esc bytes=[27]
2026-08-20T10:04:31.142748Z  WARN herdr::raw_input: flushing lone escape after input timeout; if this follows an alt chord or focus switch it may reach the pane as plain esc bytes=[27]
2026-08-20T10:04:31.142894Z  WARN herdr::raw_input: flushing lone escape after input timeout; if this follows an alt chord or focus switch it may reach the pane as plain esc bytes=[27]
2026-08-20T10:04:31.367240Z  WARN herdr::raw_input: flushing lone escape after input timeout; if this follows an alt chord or focus switch it may reach the pane as plain esc bytes=[27]
2026-08-20T10:04:31.367400Z  WARN herdr::raw_input: flushing lone escape after input timeout; if this follows an alt chord or focus switch it may reach the pane as plain esc bytes=[27]
2026-08-20T10:04:32.497808Z  WARN herdr::raw_input: flushing lone escape after input timeout; if this follows an alt chord or focus switch it may reach the pane as plain esc bytes=[27]
2026-08-20T10:04:32.498035Z  WARN herdr::raw_input: flushing lone escape after input timeout; if this follows an alt chord or focus switch it may reach the pane as plain esc bytes=[27]
2026-08-20T10:05:34.777044Z  WARN herdr::raw_input: flushing lone escape after input timeout; if this follows an alt chord or focus switch it may reach the pane as plain esc bytes=[27]
2026-08-20T10:05:34.778463Z  WARN herdr::raw_input: flushing lone escape after input timeout; if this follows an alt chord or focus switch it may reach the pane as plain esc bytes=[27]
2026-08-21T07:42:28.091295Z  WARN herdr::raw_input: flushing lone escape after input timeout; if this follows an alt chord or focus switch it may reach the pane as plain esc bytes=[27]
2026-08-21T07:42:28.092800Z  WARN herdr::raw_input: flushing lone escape after input timeout; if this follows an alt chord or focus switch it may reach the pane as plain esc bytes=[27]
2026-08-21T07:49:54.733768Z  WARN herdr::raw_input: flushing lone escape after input timeout; if this follows an alt chord or focus switch it may reach the pane as plain esc bytes=[27]
2026-08-21T07:49:54.734306Z  WARN herdr::raw_input: flushing lone escape after input timeout; if this follows an alt chord or focus switch it may reach the pane as plain esc bytes=[27]
2026-08-21T09:02:45.269769Z  WARN herdr::raw_input: flushing lone escape after input timeout; if this follows an alt chord or focus switch it may reach the pane as plain esc bytes=[27]
2026-08-21T09:02:45.272115Z  WARN herdr::raw_input: flushing lone escape after input timeout; if this follows an alt chord or focus switch it may reach the pane as plain esc bytes=[27]
2026-08-21T09:02:54.249695Z  WARN herdr::raw_input: flushing lone escape after input timeout; if this follows an alt chord or focus switch it may reach the pane as plain esc bytes=[27]
2026-08-21T09:02:54.249900Z  WARN herdr::raw_input: flushing lone escape after input timeout; if this follows an alt chord or focus switch it may reach the pane as plain esc bytes=[27]
2026-08-21T09:02:54.650930Z  WARN herdr::raw_input: flushing lone escape after input timeout; if this follows an alt chord or focus switch it may reach the pane as plain esc bytes=[27]
2026-08-21T09:02:54.651024Z  WARN herdr::raw_input: flushing lone escape after input timeout; if this follows an alt chord or focus switch it may reach the pane as plain esc bytes=[27]
2026-08-21T09:10:15.345351Z  WARN herdr::raw_input: flushing lone escape after input timeout; if this follows an alt chord or focus switch it may reach the pane as plain esc bytes=[27]
2026-08-21T09:10:15.347347Z  WARN herdr::raw_input: flushing lone escape after input timeout; if this follows an alt chord or focus switch it may reach the pane as plain esc bytes=[27]
2026-08-22T02:32:57.330244Z  WARN herdr::raw_input: flushing lone escape after input timeout; if this follows an alt chord or focus switch it may reach the pane as plain esc bytes=[27]
2026-08-22T02:32:57.332124Z  WARN herdr::raw_input: flushing lone escape after input timeout; if this follows an alt chord or focus switch it may reach the pane as plain esc bytes=[27]
2026-08-22T02:45:15.673470Z  WARN herdr::raw_input: flushing lone escape after input timeout; if this follows an alt chord or focus switch it may reach the pane as plain esc bytes=[27]
2026-08-22T02:45:15.674784Z  WARN herdr::raw_input: flushing lone escape after input timeout; if this follows an alt chord or focus switch it may reach the pane as plain esc bytes=[27]
2026-08-22T03:58:04.849588Z  WARN herdr::raw_input: flushing lone escape after input timeout; if this follows an alt chord or focus switch it may reach the pane as plain esc bytes=[27]
2026-08-22T03:58:04.851243Z  WARN herdr::raw_input: flushing lone escape after input timeout; if this follows an alt chord or focus switch it may reach the pane as plain esc bytes=[27]
2026-08-22T03:59:11.916215Z  WARN herdr::raw_input: flushing lone escape after input timeout; if this follows an alt chord or focus switch it may reach the pane as plain esc bytes=[27]
2026-08-22T03:59:11.916814Z  WARN herdr::raw_input: flushing lone escape after input timeout; if this follows an alt chord or focus switch it may reach the pane as plain esc bytes=[27]
2026-08-22T04:00:07.999693Z  WARN herdr::raw_input: flushing lone escape after input timeout; if this follows an alt chord or focus switch it may reach the pane as plain esc bytes=[27]
2026-08-22T04:00:08.000723Z  WARN herdr::raw_input: flushing lone escape after input timeout; if this follows an alt chord or focus switch it may reach the pane as plain esc bytes=[27]
2026-08-22T06:45:40.762168Z  WARN herdr::raw_input: flushing lone escape after input timeout; if this follows an alt chord or focus switch it may reach the pane as plain esc bytes=[27]
2026-08-22T06:45:40.764387Z  WARN herdr::raw_input: flushing lone escape after input timeout; if this follows an alt chord or focus switch it may reach the pane as plain esc bytes=[27]
2026-08-22T07:04:12.904530Z  WARN herdr::raw_input: flushing lone escape after input timeout; if this follows an alt chord or focus switch it may reach the pane as plain esc bytes=[27]
2026-08-22T07:04:12.905696Z  WARN herdr::raw_input: flushing lone escape after input timeout; if this follows an alt chord or focus switch it may reach the pane as plain esc bytes=[27]
2026-08-22T07:13:35.459333Z  WARN herdr::raw_input: flushing lone escape after input timeout; if this follows an alt chord or focus switch it may reach the pane as plain esc bytes=[27]
2026-08-22T07:13:35.460257Z  WARN herdr::raw_input: flushing lone escape after input timeout; if this follows an alt chord or focus switch it may reach the pane as plain esc bytes=[27]
2026-08-22T07:13:35.680611Z  WARN herdr::raw_input: flushing lone escape after input timeout; if this follows an alt chord or focus switch it may reach the pane as plain esc bytes=[27]
2026-08-22T07:13:35.680734Z  WARN herdr::raw_input: flushing lone escape after input timeout; if this follows an alt chord or focus switch it may reach the pane as plain esc bytes=[27]
2026-08-22T07:13:36.044824Z  WARN herdr::raw_input: flushing lone escape after input timeout; if this follows an alt chord or focus switch it may reach the pane as plain esc bytes=[27]
2026-08-22T07:13:36.044915Z  WARN herdr::raw_input: flushing lone escape after input timeout; if this follows an alt chord or focus switch it may reach the pane as plain esc bytes=[27]
2026-08-22T07:13:36.413792Z  WARN herdr::raw_input: flushing lone escape after input timeout; if this follows an alt chord or focus switch it may reach the pane as plain esc bytes=[27]
2026-08-22T07:13:36.413917Z  WARN herdr::raw_input: flushing lone escape after input timeout; if this follows an alt chord or focus switch it may reach the pane as plain esc bytes=[27]
2026-08-22T07:13:37.472271Z  WARN herdr::raw_input: flushing lone escape after input timeout; if this follows an alt chord or focus switch it may reach the pane as plain esc bytes=[27]
2026-08-22T07:13:37.472461Z  WARN herdr::raw_input: flushing lone escape after input timeout; if this follows an alt chord or focus switch it may reach the pane as plain esc bytes=[27]
2026-08-22T07:13:38.981046Z  WARN herdr::raw_input: flushing lone escape after input timeout; if this follows an alt chord or focus switch it may reach the pane as plain esc bytes=[27]
2026-08-22T07:13:38.981191Z  WARN herdr::raw_input: flushing lone escape after input timeout; if this follows an alt chord or focus switch it may reach the pane as plain esc bytes=[27]
2026-08-22T07:13:39.397242Z  WARN herdr::raw_input: flushing lone escape after input timeout; if this follows an alt chord or focus switch it may reach the pane as plain esc bytes=[27]
2026-08-22T07:13:39.397371Z  WARN herdr::raw_input: flushing lone escape after input timeout; if this follows an alt chord or focus switch it may reach the pane as plain esc bytes=[27]
2026-08-22T07:13:39.686852Z  WARN herdr::raw_input: flushing lone escape after input timeout; if this follows an alt chord or focus switch it may reach the pane as plain esc bytes=[27]
2026-08-22T07:13:39.686969Z  WARN herdr::raw_input: flushing lone escape after input timeout; if this follows an alt chord or focus switch it may reach the pane as plain esc bytes=[27]
2026-08-22T07:13:44.296299Z  WARN herdr::raw_input: flushing lone escape after input timeout; if this follows an alt chord or focus switch it may reach the pane as plain esc bytes=[27]
2026-08-22T07:13:44.297155Z  WARN herdr::raw_input: flushing lone escape after input timeout; if this follows an alt chord or focus switch it may reach the pane as plain esc bytes=[27]
2026-08-22T07:27:53.198381Z  WARN herdr::raw_input: flushing lone escape after input timeout; if this follows an alt chord or focus switch it may reach the pane as plain esc bytes=[27]
2026-08-22T07:27:53.199243Z  WARN herdr::raw_input: flushing lone escape after input timeout; if this follows an alt chord or focus switch it may reach the pane as plain esc bytes=[27]
2026-08-22T07:27:53.460084Z  WARN herdr::raw_input: flushing lone escape after input timeout; if this follows an alt chord or focus switch it may reach the pane as plain esc bytes=[27]
2026-08-22T07:27:53.460354Z  WARN herdr::raw_input: flushing lone escape after input timeout; if this follows an alt chord or focus switch it may reach the pane as plain esc bytes=[27]
2026-08-22T07:56:47.419395Z  WARN herdr::raw_input: flushing lone escape after input timeout; if this follows an alt chord or focus switch it may reach the pane as plain esc bytes=[27]
2026-08-22T07:56:47.421762Z  WARN herdr::raw_input: flushing lone escape after input timeout; if this follows an alt chord or focus switch it may reach the pane as plain esc bytes=[27]
2026-08-22T08:17:21.630675Z  WARN herdr::raw_input: flushing lone escape after input timeout; if this follows an alt chord or focus switch it may reach the pane as plain esc bytes=[27]
2026-08-22T08:17:21.631809Z  WARN herdr::raw_input: flushing lone escape after input timeout; if this follows an alt chord or focus switch it may reach the pane as plain esc bytes=[27]
2026-08-22T08:17:21.839005Z  WARN herdr::raw_input: flushing lone escape after input timeout; if this follows an alt chord or focus switch it may reach the pane as plain esc bytes=[27]
2026-08-22T08:17:21.839189Z  WARN herdr::raw_input: flushing lone escape after input timeout; if this follows an alt chord or focus switch it may reach the pane as plain esc bytes=[27]
2026-08-22T08:17:22.053010Z  WARN herdr::raw_input: flushing lone escape after input timeout; if this follows an alt chord or focus switch it may reach the pane as plain esc bytes=[27]
2026-08-22T08:17:22.053157Z  WARN herdr::raw_input: flushing lone escape after input timeout; if this follows an alt chord or focus switch it may reach the pane as plain esc bytes=[27]
2026-08-22T08:17:22.968592Z  WARN herdr::raw_input: flushing lone escape after input timeout; if this follows an alt chord or focus switch it may reach the pane as plain esc bytes=[27]
2026-08-22T08:17:22.968725Z  WARN herdr::raw_input: flushing lone escape after input timeout; if this follows an alt chord or focus switch it may reach the pane as plain esc bytes=[27]
2026-08-22T09:28:02.931258Z  WARN herdr::raw_input: flushing lone escape after input timeout; if this follows an alt chord or focus switch it may reach the pane as plain esc bytes=[27]
2026-08-22T09:28:02.932241Z  WARN herdr::raw_input: flushing lone escape after input timeout; if this follows an alt chord or focus switch it may reach the pane as plain esc bytes=[27]
2026-08-23T06:13:02.087055Z  INFO herdr::logging: herdr starting event="app.startup" subsystem="client" outcome="started" pid=2495
2026-08-23T06:13:02.087267Z  INFO herdr::client: connecting to server path=/Users/macos/.config/herdr/herdr-client.sock
2026-08-23T06:13:02.095126Z  INFO herdr::client: handshake succeeded version=19 encoding=SemanticFrame
2026-08-23T06:13:21.187851Z  WARN herdr::raw_input: flushing lone escape after input timeout; if this follows an alt chord or focus switch it may reach the pane as plain esc bytes=[27]
2026-08-23T06:13:21.189000Z  WARN herdr::raw_input: flushing lone escape after input timeout; if this follows an alt chord or focus switch it may reach the pane as plain esc bytes=[27]
2026-08-23T06:13:23.299997Z  INFO herdr::logging: herdr exiting event="app.shutdown" subsystem="client" outcome="completed" pid=2495
2026-08-23T06:13:26.394215Z  INFO herdr::logging: herdr starting event="app.startup" subsystem="client" outcome="started" pid=4851
2026-08-23T06:13:26.394248Z  INFO herdr::client: connecting to server path=/Users/macos/.config/herdr/herdr-client.sock
2026-08-23T06:13:26.589278Z  INFO herdr::client: handshake succeeded version=19 encoding=SemanticFrame
2026-08-23T06:13:37.459033Z  INFO herdr::logging: herdr exiting event="app.shutdown" subsystem="client" outcome="completed" pid=4851
2026-08-23T06:13:39.590263Z  INFO herdr::logging: herdr starting event="app.startup" subsystem="client" outcome="started" pid=4891
2026-08-23T06:13:39.590288Z  INFO herdr::client: connecting to server path=/Users/macos/.config/herdr/herdr-client.sock
2026-08-23T06:13:39.639624Z  INFO herdr::client: handshake succeeded version=19 encoding=SemanticFrame
2026-08-23T06:14:33.646192Z  WARN herdr::raw_input: flushing lone escape after input timeout; if this follows an alt chord or focus switch it may reach the pane as plain esc bytes=[27]
2026-08-23T06:14:33.647588Z  WARN herdr::raw_input: flushing lone escape after input timeout; if this follows an alt chord or focus switch it may reach the pane as plain esc bytes=[27]
2026-08-23T08:55:59.922559Z  WARN herdr::raw_input: flushing lone escape after input timeout; if this follows an alt chord or focus switch it may reach the pane as plain esc bytes=[27]
2026-08-23T08:55:59.923546Z  WARN herdr::raw_input: flushing lone escape after input timeout; if this follows an alt chord or focus switch it may reach the pane as plain esc bytes=[27]
2026-08-23T08:56:25.798997Z  WARN herdr::raw_input: flushing lone escape after input timeout; if this follows an alt chord or focus switch it may reach the pane as plain esc bytes=[27]
2026-08-23T08:56:25.799223Z  WARN herdr::raw_input: flushing lone escape after input timeout; if this follows an alt chord or focus switch it may reach the pane as plain esc bytes=[27]
2026-08-23T09:02:50.436751Z  WARN herdr::raw_input: flushing lone escape after input timeout; if this follows an alt chord or focus switch it may reach the pane as plain esc bytes=[27]
2026-08-23T09:02:50.438029Z  WARN herdr::raw_input: flushing lone escape after input timeout; if this follows an alt chord or focus switch it may reach the pane as plain esc bytes=[27]
2026-08-23T09:12:20.800400Z  WARN herdr::raw_input: flushing lone escape after input timeout; if this follows an alt chord or focus switch it may reach the pane as plain esc bytes=[27]
2026-08-23T09:12:20.801390Z  WARN herdr::raw_input: flushing lone escape after input timeout; if this follows an alt chord or focus switch it may reach the pane as plain esc bytes=[27]
2026-08-23T09:12:21.021489Z  WARN herdr::raw_input: flushing lone escape after input timeout; if this follows an alt chord or focus switch it may reach the pane as plain esc bytes=[27]
2026-08-23T09:12:21.021918Z  WARN herdr::raw_input: flushing lone escape after input timeout; if this follows an alt chord or focus switch it may reach the pane as plain esc bytes=[27]
2026-08-23T09:12:24.841628Z  WARN herdr::raw_input: flushing lone escape after input timeout; if this follows an alt chord or focus switch it may reach the pane as plain esc bytes=[27]
2026-08-23T09:12:24.841802Z  WARN herdr::raw_input: flushing lone escape after input timeout; if this follows an alt chord or focus switch it may reach the pane as plain esc bytes=[27]
2026-08-23T09:13:21.449707Z  WARN herdr::raw_input: flushing lone escape after input timeout; if this follows an alt chord or focus switch it may reach the pane as plain esc bytes=[27]
2026-08-23T09:13:21.449874Z  WARN herdr::raw_input: flushing lone escape after input timeout; if this follows an alt chord or focus switch it may reach the pane as plain esc bytes=[27]
2026-08-23T09:13:23.105382Z  WARN herdr::raw_input: flushing lone escape after input timeout; if this follows an alt chord or focus switch it may reach the pane as plain esc bytes=[27]
2026-08-23T09:13:23.105527Z  WARN herdr::raw_input: flushing lone escape after input timeout; if this follows an alt chord or focus switch it may reach the pane as plain esc bytes=[27]
2026-08-23T09:13:23.742529Z  WARN herdr::raw_input: flushing lone escape after input timeout; if this follows an alt chord or focus switch it may reach the pane as plain esc bytes=[27]
2026-08-23T09:13:23.742669Z  WARN herdr::raw_input: flushing lone escape after input timeout; if this follows an alt chord or focus switch it may reach the pane as plain esc bytes=[27]
2026-08-23T09:13:25.107885Z  WARN herdr::raw_input: flushing lone escape after input timeout; if this follows an alt chord or focus switch it may reach the pane as plain esc bytes=[27]
2026-08-23T09:13:25.108087Z  WARN herdr::raw_input: flushing lone escape after input timeout; if this follows an alt chord or focus switch it may reach the pane as plain esc bytes=[27]
2026-08-23T09:33:55.590881Z  WARN herdr::raw_input: flushing lone escape after input timeout; if this follows an alt chord or focus switch it may reach the pane as plain esc bytes=[27]
2026-08-23T09:33:55.592043Z  WARN herdr::raw_input: flushing lone escape after input timeout; if this follows an alt chord or focus switch it may reach the pane as plain esc bytes=[27]
2026-08-23T09:33:59.873117Z  WARN herdr::raw_input: flushing lone escape after input timeout; if this follows an alt chord or focus switch it may reach the pane as plain esc bytes=[27]
2026-08-23T09:33:59.873358Z  WARN herdr::raw_input: flushing lone escape after input timeout; if this follows an alt chord or focus switch it may reach the pane as plain esc bytes=[27]
2026-08-23T09:41:54.673609Z  WARN herdr::raw_input: flushing lone escape after input timeout; if this follows an alt chord or focus switch it may reach the pane as plain esc bytes=[27]
2026-08-23T09:41:54.675011Z  WARN herdr::raw_input: flushing lone escape after input timeout; if this follows an alt chord or focus switch it may reach the pane as plain esc bytes=[27]
2026-08-23T09:50:46.106921Z  WARN herdr::raw_input: flushing lone escape after input timeout; if this follows an alt chord or focus switch it may reach the pane as plain esc bytes=[27]
2026-08-23T09:50:46.107856Z  WARN herdr::raw_input: flushing lone escape after input timeout; if this follows an alt chord or focus switch it may reach the pane as plain esc bytes=[27]
2026-08-23T10:06:45.962995Z  WARN herdr::raw_input: flushing lone escape after input timeout; if this follows an alt chord or focus switch it may reach the pane as plain esc bytes=[27]
2026-08-23T10:06:45.963976Z  WARN herdr::raw_input: flushing lone escape after input timeout; if this follows an alt chord or focus switch it may reach the pane as plain esc bytes=[27]
2026-08-23T13:05:10.706499Z  WARN herdr::raw_input: flushing lone escape after input timeout; if this follows an alt chord or focus switch it may reach the pane as plain esc bytes=[27]
2026-08-23T13:05:10.706912Z  WARN herdr::raw_input: flushing lone escape after input timeout; if this follows an alt chord or focus switch it may reach the pane as plain esc bytes=[27]
2026-08-24T06:15:55.123696Z  WARN herdr::raw_input: flushing lone escape after input timeout; if this follows an alt chord or focus switch it may reach the pane as plain esc bytes=[27]
2026-08-24T06:15:55.125011Z  WARN herdr::raw_input: flushing lone escape after input timeout; if this follows an alt chord or focus switch it may reach the pane as plain esc bytes=[27]
2026-08-24T06:15:57.476168Z  WARN herdr::raw_input: flushing lone escape after input timeout; if this follows an alt chord or focus switch it may reach the pane as plain esc bytes=[27]
2026-08-24T06:15:57.476399Z  WARN herdr::raw_input: flushing lone escape after input timeout; if this follows an alt chord or focus switch it may reach the pane as plain esc bytes=[27]
2026-08-24T06:15:57.744277Z  WARN herdr::raw_input: flushing lone escape after input timeout; if this follows an alt chord or focus switch it may reach the pane as plain esc bytes=[27]
2026-08-24T06:15:57.744673Z  WARN herdr::raw_input: flushing lone escape after input timeout; if this follows an alt chord or focus switch it may reach the pane as plain esc bytes=[27]
2026-08-24T08:00:57.729510Z  WARN herdr::raw_input: flushing lone escape after input timeout; if this follows an alt chord or focus switch it may reach the pane as plain esc bytes=[27]
2026-08-24T08:00:57.730259Z  WARN herdr::raw_input: flushing lone escape after input timeout; if this follows an alt chord or focus switch it may reach the pane as plain esc bytes=[27]
2026-08-24T08:01:13.437987Z  WARN herdr::raw_input: flushing lone escape after input timeout; if this follows an alt chord or focus switch it may reach the pane as plain esc bytes=[27]
2026-08-24T08:01:13.439210Z  WARN herdr::raw_input: flushing lone escape after input timeout; if this follows an alt chord or focus switch it may reach the pane as plain esc bytes=[27]
2026-08-24T08:01:55.924181Z  WARN herdr::raw_input: flushing lone escape after input timeout; if this follows an alt chord or focus switch it may reach the pane as plain esc bytes=[27]
2026-08-24T08:01:55.925609Z  WARN herdr::raw_input: flushing lone escape after input timeout; if this follows an alt chord or focus switch it may reach the pane as plain esc bytes=[27]
2026-08-24T08:02:18.427537Z  WARN herdr::raw_input: flushing lone escape after input timeout; if this follows an alt chord or focus switch it may reach the pane as plain esc bytes=[27]
2026-08-24T08:02:18.428780Z  WARN herdr::raw_input: flushing lone escape after input timeout; if this follows an alt chord or focus switch it may reach the pane as plain esc bytes=[27]
2026-08-24T08:02:33.021460Z  WARN herdr::raw_input: flushing lone escape after input timeout; if this follows an alt chord or focus switch it may reach the pane as plain esc bytes=[27]
2026-08-24T08:02:33.022680Z  WARN herdr::raw_input: flushing lone escape after input timeout; if this follows an alt chord or focus switch it may reach the pane as plain esc bytes=[27]
2026-08-24T08:03:14.312780Z  WARN herdr::raw_input: flushing lone escape after input timeout; if this follows an alt chord or focus switch it may reach the pane as plain esc bytes=[27]
2026-08-24T08:03:14.313713Z  WARN herdr::raw_input: flushing lone escape after input timeout; if this follows an alt chord or focus switch it may reach the pane as plain esc bytes=[27]
2026-08-24T08:21:58.657559Z  WARN herdr::raw_input: flushing lone escape after input timeout; if this follows an alt chord or focus switch it may reach the pane as plain esc bytes=[27]
2026-08-24T08:21:58.658788Z  WARN herdr::raw_input: flushing lone escape after input timeout; if this follows an alt chord or focus switch it may reach the pane as plain esc bytes=[27]
2026-08-24T13:51:34.606183Z  WARN herdr::raw_input: flushing lone escape after input timeout; if this follows an alt chord or focus switch it may reach the pane as plain esc bytes=[27]
2026-08-24T13:51:34.607424Z  WARN herdr::raw_input: flushing lone escape after input timeout; if this follows an alt chord or focus switch it may reach the pane as plain esc bytes=[27]
2026-08-24T13:52:09.620108Z  WARN herdr::raw_input: flushing lone escape after input timeout; if this follows an alt chord or focus switch it may reach the pane as plain esc bytes=[27]
2026-08-24T13:52:09.621457Z  WARN herdr::raw_input: flushing lone escape after input timeout; if this follows an alt chord or focus switch it may reach the pane as plain esc bytes=[27]
2026-08-24T13:52:10.446261Z  WARN herdr::raw_input: flushing lone escape after input timeout; if this follows an alt chord or focus switch it may reach the pane as plain esc bytes=[27]
2026-08-24T13:52:10.446445Z  WARN herdr::raw_input: flushing lone escape after input timeout; if this follows an alt chord or focus switch it may reach the pane as plain esc bytes=[27]
2026-08-24T14:06:26.129575Z  WARN herdr::raw_input: flushing lone escape after input timeout; if this follows an alt chord or focus switch it may reach the pane as plain esc bytes=[27]
2026-08-24T14:06:26.130910Z  WARN herdr::raw_input: flushing lone escape after input timeout; if this follows an alt chord or focus switch it may reach the pane as plain esc bytes=[27]
2026-08-24T14:06:36.044422Z  WARN herdr::raw_input: flushing lone escape after input timeout; if this follows an alt chord or focus switch it may reach the pane as plain esc bytes=[27]
2026-08-24T14:06:36.044712Z  WARN herdr::raw_input: flushing lone escape after input timeout; if this follows an alt chord or focus switch it may reach the pane as plain esc bytes=[27]
2026-08-24T14:08:06.555073Z  WARN herdr::raw_input: flushing lone escape after input timeout; if this follows an alt chord or focus switch it may reach the pane as plain esc bytes=[27]
2026-08-24T14:08:06.556870Z  WARN herdr::raw_input: flushing lone escape after input timeout; if this follows an alt chord or focus switch it may reach the pane as plain esc bytes=[27]
2026-08-24T14:14:38.502788Z  WARN herdr::raw_input: flushing lone escape after input timeout; if this follows an alt chord or focus switch it may reach the pane as plain esc bytes=[27]
2026-08-24T14:14:38.503872Z  WARN herdr::raw_input: flushing lone escape after input timeout; if this follows an alt chord or focus switch it may reach the pane as plain esc bytes=[27]
2026-08-24T14:35:59.198988Z  WARN herdr::raw_input: flushing lone escape after input timeout; if this follows an alt chord or focus switch it may reach the pane as plain esc bytes=[27]
2026-08-24T14:35:59.200662Z  WARN herdr::raw_input: flushing lone escape after input timeout; if this follows an alt chord or focus switch it may reach the pane as plain esc bytes=[27]
2026-08-25T03:51:13.254826Z  WARN herdr::raw_input: flushing lone escape after input timeout; if this follows an alt chord or focus switch it may reach the pane as plain esc bytes=[27]
2026-08-25T03:51:13.255517Z  WARN herdr::raw_input: flushing lone escape after input timeout; if this follows an alt chord or focus switch it may reach the pane as plain esc bytes=[27]
2026-08-25T03:51:47.048836Z  WARN herdr::raw_input: flushing lone escape after input timeout; if this follows an alt chord or focus switch it may reach the pane as plain esc bytes=[27]
2026-08-25T03:51:47.049766Z  WARN herdr::raw_input: flushing lone escape after input timeout; if this follows an alt chord or focus switch it may reach the pane as plain esc bytes=[27]
2026-08-25T04:44:43.557315Z  WARN herdr::raw_input: flushing lone escape after input timeout; if this follows an alt chord or focus switch it may reach the pane as plain esc bytes=[27]
2026-08-25T04:44:43.558728Z  WARN herdr::raw_input: flushing lone escape after input timeout; if this follows an alt chord or focus switch it may reach the pane as plain esc bytes=[27]
2026-08-25T06:29:06.049298Z  WARN herdr::raw_input: flushing lone escape after input timeout; if this follows an alt chord or focus switch it may reach the pane as plain esc bytes=[27]
2026-08-25T06:29:06.050948Z  WARN herdr::raw_input: flushing lone escape after input timeout; if this follows an alt chord or focus switch it may reach the pane as plain esc bytes=[27]
2026-08-25T06:29:21.193793Z  WARN herdr::raw_input: flushing lone escape after input timeout; if this follows an alt chord or focus switch it may reach the pane as plain esc bytes=[27]
2026-08-25T06:29:21.195159Z  WARN herdr::raw_input: flushing lone escape after input timeout; if this follows an alt chord or focus switch it may reach the pane as plain esc bytes=[27]
2026-08-25T06:46:28.147550Z  WARN herdr::raw_input: flushing lone escape after input timeout; if this follows an alt chord or focus switch it may reach the pane as plain esc bytes=[27]
2026-08-25T06:46:28.148858Z  WARN herdr::raw_input: flushing lone escape after input timeout; if this follows an alt chord or focus switch it may reach the pane as plain esc bytes=[27]
2026-08-25T07:21:44.371168Z  WARN herdr::raw_input: flushing lone escape after input timeout; if this follows an alt chord or focus switch it may reach the pane as plain esc bytes=[27]
2026-08-25T07:21:44.371452Z  WARN herdr::raw_input: flushing lone escape after input timeout; if this follows an alt chord or focus switch it may reach the pane as plain esc bytes=[27]
2026-08-25T07:26:24.666807Z  WARN herdr::raw_input: flushing lone escape after input timeout; if this follows an alt chord or focus switch it may reach the pane as plain esc bytes=[27]
2026-08-25T07:26:24.667211Z  WARN herdr::raw_input: flushing lone escape after input timeout; if this follows an alt chord or focus switch it may reach the pane as plain esc bytes=[27]
2026-08-25T07:44:31.831507Z  WARN herdr::raw_input: flushing lone escape after input timeout; if this follows an alt chord or focus switch it may reach the pane as plain esc bytes=[27]
2026-08-25T07:44:31.832677Z  WARN herdr::raw_input: flushing lone escape after input timeout; if this follows an alt chord or focus switch it may reach the pane as plain esc bytes=[27]
2026-08-25T07:44:32.063520Z  WARN herdr::raw_input: flushing lone escape after input timeout; if this follows an alt chord or focus switch it may reach the pane as plain esc bytes=[27]
2026-08-25T07:59:52.568219Z  WARN herdr::raw_input: flushing lone escape after input timeout; if this follows an alt chord or focus switch it may reach the pane as plain esc bytes=[27]
2026-08-25T07:59:52.569290Z  WARN herdr::raw_input: flushing lone escape after input timeout; if this follows an alt chord or focus switch it may reach the pane as plain esc bytes=[27]
2026-08-25T08:38:52.317897Z  WARN herdr::sound: sound playback failed sound=Request err=player exited with exit status: 1: Error: AudioQueueStart failed (-66681)
2026-08-25T08:40:06.288549Z  WARN herdr::sound: sound playback failed sound=Request err=player exited with exit status: 1: Error: AudioQueueStart failed (-66681)
2026-08-25T08:40:37.740394Z  WARN herdr::sound: sound playback failed sound=Request err=player exited with exit status: 1: Error: AudioQueueStart failed (-66681)
2026-08-25T08:41:39.814535Z  WARN herdr::sound: sound playback failed sound=Request err=player exited with exit status: 1: Error: AudioQueueStart failed (-66681)
2026-08-25T08:42:41.554909Z  WARN herdr::sound: sound playback failed sound=Done err=player exited with exit status: 1: Error: AudioQueueStart failed (-66681)
2026-08-25T08:47:50.748330Z  WARN herdr::sound: sound playback failed sound=Request err=player exited with exit status: 1: Error: AudioQueueStart failed (-66681)
2026-08-26T00:51:48.282307Z  WARN herdr::raw_input: flushing lone escape after input timeout; if this follows an alt chord or focus switch it may reach the pane as plain esc bytes=[27]
2026-08-26T00:51:48.282647Z  WARN herdr::raw_input: flushing lone escape after input timeout; if this follows an alt chord or focus switch it may reach the pane as plain esc bytes=[27]
2026-08-26T00:57:00.482598Z  WARN herdr::raw_input: flushing lone escape after input timeout; if this follows an alt chord or focus switch it may reach the pane as plain esc bytes=[27]
2026-08-26T00:57:00.483739Z  WARN herdr::raw_input: flushing lone escape after input timeout; if this follows an alt chord or focus switch it may reach the pane as plain esc bytes=[27]
2026-08-26T00:57:36.586877Z  WARN herdr::raw_input: flushing lone escape after input timeout; if this follows an alt chord or focus switch it may reach the pane as plain esc bytes=[27]
2026-08-26T00:57:36.587176Z  WARN herdr::raw_input: flushing lone escape after input timeout; if this follows an alt chord or focus switch it may reach the pane as plain esc bytes=[27]
2026-08-26T00:57:36.815240Z  WARN herdr::raw_input: flushing lone escape after input timeout; if this follows an alt chord or focus switch it may reach the pane as plain esc bytes=[27]
2026-08-26T00:57:36.815382Z  WARN herdr::raw_input: flushing lone escape after input timeout; if this follows an alt chord or focus switch it may reach the pane as plain esc bytes=[27]
2026-08-26T00:57:37.828588Z  WARN herdr::raw_input: flushing lone escape after input timeout; if this follows an alt chord or focus switch it may reach the pane as plain esc bytes=[27]
2026-08-26T00:57:37.828624Z  WARN herdr::raw_input: flushing lone escape after input timeout; if this follows an alt chord or focus switch it may reach the pane as plain esc bytes=[27]
2026-08-26T01:56:01.955280Z  WARN herdr::raw_input: flushing lone escape after input timeout; if this follows an alt chord or focus switch it may reach the pane as plain esc bytes=[27]
2026-08-26T01:56:01.956053Z  WARN herdr::raw_input: flushing lone escape after input timeout; if this follows an alt chord or focus switch it may reach the pane as plain esc bytes=[27]
2026-08-26T01:56:23.032948Z  WARN herdr::raw_input: flushing lone escape after input timeout; if this follows an alt chord or focus switch it may reach the pane as plain esc bytes=[27]
2026-08-26T01:56:23.033460Z  WARN herdr::raw_input: flushing lone escape after input timeout; if this follows an alt chord or focus switch it may reach the pane as plain esc bytes=[27]
2026-08-26T01:59:44.783099Z  WARN herdr::raw_input: flushing lone escape after input timeout; if this follows an alt chord or focus switch it may reach the pane as plain esc bytes=[27]
2026-08-26T01:59:44.784705Z  WARN herdr::raw_input: flushing lone escape after input timeout; if this follows an alt chord or focus switch it may reach the pane as plain esc bytes=[27]
2026-08-26T02:04:43.641997Z  WARN herdr::raw_input: flushing lone escape after input timeout; if this follows an alt chord or focus switch it may reach the pane as plain esc bytes=[27]
2026-08-26T02:04:43.642343Z  WARN herdr::raw_input: flushing lone escape after input timeout; if this follows an alt chord or focus switch it may reach the pane as plain esc bytes=[27]
2026-08-26T02:04:44.032495Z  WARN herdr::raw_input: flushing lone escape after input timeout; if this follows an alt chord or focus switch it may reach the pane as plain esc bytes=[27]
2026-08-26T02:04:44.032631Z  WARN herdr::raw_input: flushing lone escape after input timeout; if this follows an alt chord or focus switch it may reach the pane as plain esc bytes=[27]
2026-08-26T02:06:06.447304Z  WARN herdr::raw_input: flushing lone escape after input timeout; if this follows an alt chord or focus switch it may reach the pane as plain esc bytes=[27]
2026-08-26T02:06:06.448352Z  WARN herdr::raw_input: flushing lone escape after input timeout; if this follows an alt chord or focus switch it may reach the pane as plain esc bytes=[27]
2026-08-26T02:12:19.158733Z  WARN herdr::raw_input: flushing lone escape after input timeout; if this follows an alt chord or focus switch it may reach the pane as plain esc bytes=[27]
2026-08-26T02:12:19.160171Z  WARN herdr::raw_input: flushing lone escape after input timeout; if this follows an alt chord or focus switch it may reach the pane as plain esc bytes=[27]
2026-08-26T02:13:21.757788Z  WARN herdr::raw_input: flushing lone escape after input timeout; if this follows an alt chord or focus switch it may reach the pane as plain esc bytes=[27]
2026-08-26T02:13:21.759822Z  WARN herdr::raw_input: flushing lone escape after input timeout; if this follows an alt chord or focus switch it may reach the pane as plain esc bytes=[27]
2026-08-26T02:13:30.262104Z  WARN herdr::raw_input: flushing lone escape after input timeout; if this follows an alt chord or focus switch it may reach the pane as plain esc bytes=[27]
2026-08-26T02:13:30.262381Z  WARN herdr::raw_input: flushing lone escape after input timeout; if this follows an alt chord or focus switch it may reach the pane as plain esc bytes=[27]
2026-08-26T03:43:13.078277Z  WARN herdr::raw_input: flushing lone escape after input timeout; if this follows an alt chord or focus switch it may reach the pane as plain esc bytes=[27]
2026-08-26T03:43:13.079309Z  WARN herdr::raw_input: flushing lone escape after input timeout; if this follows an alt chord or focus switch it may reach the pane as plain esc bytes=[27]
2026-08-26T03:46:51.607884Z  WARN herdr::raw_input: flushing lone escape after input timeout; if this follows an alt chord or focus switch it may reach the pane as plain esc bytes=[27]
2026-08-26T03:46:51.609167Z  WARN herdr::raw_input: flushing lone escape after input timeout; if this follows an alt chord or focus switch it may reach the pane as plain esc bytes=[27]
2026-08-26T08:45:45.104471Z  WARN herdr::raw_input: flushing lone escape after input timeout; if this follows an alt chord or focus switch it may reach the pane as plain esc bytes=[27]
2026-08-26T08:45:45.107052Z  WARN herdr::raw_input: flushing lone escape after input timeout; if this follows an alt chord or focus switch it may reach the pane as plain esc bytes=[27]
2026-08-26T09:05:13.152767Z  WARN herdr::raw_input: flushing lone escape after input timeout; if this follows an alt chord or focus switch it may reach the pane as plain esc bytes=[27]
2026-08-26T09:05:13.153787Z  WARN herdr::raw_input: flushing lone escape after input timeout; if this follows an alt chord or focus switch it may reach the pane as plain esc bytes=[27]
2026-08-26T09:08:15.425859Z  WARN herdr::raw_input: flushing lone escape after input timeout; if this follows an alt chord or focus switch it may reach the pane as plain esc bytes=[27]
2026-08-26T09:08:15.427078Z  WARN herdr::raw_input: flushing lone escape after input timeout; if this follows an alt chord or focus switch it may reach the pane as plain esc bytes=[27]
2026-08-26T09:10:51.259002Z  WARN herdr::raw_input: flushing lone escape after input timeout; if this follows an alt chord or focus switch it may reach the pane as plain esc bytes=[27]
2026-08-26T09:10:51.260379Z  WARN herdr::raw_input: flushing lone escape after input timeout; if this follows an alt chord or focus switch it may reach the pane as plain esc bytes=[27]
2026-08-26T09:10:53.972838Z  WARN herdr::raw_input: flushing lone escape after input timeout; if this follows an alt chord or focus switch it may reach the pane as plain esc bytes=[27]
2026-08-26T09:10:53.972967Z  WARN herdr::raw_input: flushing lone escape after input timeout; if this follows an alt chord or focus switch it may reach the pane as plain esc bytes=[27]
2026-08-26T09:12:30.287100Z  WARN herdr::raw_input: flushing lone escape after input timeout; if this follows an alt chord or focus switch it may reach the pane as plain esc bytes=[27]
2026-08-26T09:12:30.289096Z  WARN herdr::raw_input: flushing lone escape after input timeout; if this follows an alt chord or focus switch it may reach the pane as plain esc bytes=[27]
2026-08-26T09:13:14.717472Z  WARN herdr::raw_input: flushing lone escape after input timeout; if this follows an alt chord or focus switch it may reach the pane as plain esc bytes=[27]
2026-08-26T09:13:14.718104Z  WARN herdr::raw_input: flushing lone escape after input timeout; if this follows an alt chord or focus switch it may reach the pane as plain esc bytes=[27]
2026-08-26T09:13:16.698387Z  WARN herdr::raw_input: flushing lone escape after input timeout; if this follows an alt chord or focus switch it may reach the pane as plain esc bytes=[27]
2026-08-26T09:13:16.698621Z  WARN herdr::raw_input: flushing lone escape after input timeout; if this follows an alt chord or focus switch it may reach the pane as plain esc bytes=[27]
2026-08-26T09:14:14.973963Z  WARN herdr::raw_input: flushing lone escape after input timeout; if this follows an alt chord or focus switch it may reach the pane as plain esc bytes=[27]
2026-08-26T09:14:14.974233Z  WARN herdr::raw_input: flushing lone escape after input timeout; if this follows an alt chord or focus switch it may reach the pane as plain esc bytes=[27]
2026-08-26T09:15:22.184587Z  WARN herdr::raw_input: flushing lone escape after input timeout; if this follows an alt chord or focus switch it may reach the pane as plain esc bytes=[27]
2026-08-26T09:15:22.185361Z  WARN herdr::raw_input: flushing lone escape after input timeout; if this follows an alt chord or focus switch it may reach the pane as plain esc bytes=[27]
2026-08-26T09:16:26.354025Z  WARN herdr::raw_input: flushing lone escape after input timeout; if this follows an alt chord or focus switch it may reach the pane as plain esc bytes=[27]
2026-08-26T09:16:26.355251Z  WARN herdr::raw_input: flushing lone escape after input timeout; if this follows an alt chord or focus switch it may reach the pane as plain esc bytes=[27]
2026-08-26T09:16:36.691100Z  WARN herdr::raw_input: flushing lone escape after input timeout; if this follows an alt chord or focus switch it may reach the pane as plain esc bytes=[27]
2026-08-26T09:16:36.692370Z  WARN herdr::raw_input: flushing lone escape after input timeout; if this follows an alt chord or focus switch it may reach the pane as plain esc bytes=[27]
2026-08-26T09:26:20.819981Z  WARN herdr::raw_input: flushing lone escape after input timeout; if this follows an alt chord or focus switch it may reach the pane as plain esc bytes=[27]
2026-08-26T09:26:20.821069Z  WARN herdr::raw_input: flushing lone escape after input timeout; if this follows an alt chord or focus switch it may reach the pane as plain esc bytes=[27]
2026-08-26T09:26:21.088107Z  WARN herdr::raw_input: flushing lone escape after input timeout; if this follows an alt chord or focus switch it may reach the pane as plain esc bytes=[27]
2026-08-26T09:26:21.088238Z  WARN herdr::raw_input: flushing lone escape after input timeout; if this follows an alt chord or focus switch it may reach the pane as plain esc bytes=[27]
2026-08-26T09:26:22.681176Z  WARN herdr::raw_input: flushing lone escape after input timeout; if this follows an alt chord or focus switch it may reach the pane as plain esc bytes=[27]
2026-08-26T09:26:22.681458Z  WARN herdr::raw_input: flushing lone escape after input timeout; if this follows an alt chord or focus switch it may reach the pane as plain esc bytes=[27]
2026-08-26T09:31:50.722928Z  WARN herdr::raw_input: flushing lone escape after input timeout; if this follows an alt chord or focus switch it may reach the pane as plain esc bytes=[27]
2026-08-26T09:31:50.723513Z  WARN herdr::raw_input: flushing lone escape after input timeout; if this follows an alt chord or focus switch it may reach the pane as plain esc bytes=[27]
2026-08-26T09:32:29.281744Z  WARN herdr::raw_input: flushing lone escape after input timeout; if this follows an alt chord or focus switch it may reach the pane as plain esc bytes=[27]
2026-08-26T09:32:29.281894Z  WARN herdr::raw_input: flushing lone escape after input timeout; if this follows an alt chord or focus switch it may reach the pane as plain esc bytes=[27]
2026-08-26T09:33:30.179285Z  WARN herdr::raw_input: flushing lone escape after input timeout; if this follows an alt chord or focus switch it may reach the pane as plain esc bytes=[27]
2026-08-26T09:33:30.180548Z  WARN herdr::raw_input: flushing lone escape after input timeout; if this follows an alt chord or focus switch it may reach the pane as plain esc bytes=[27]
2026-08-26T09:33:39.112275Z  WARN herdr::raw_input: flushing lone escape after input timeout; if this follows an alt chord or focus switch it may reach the pane as plain esc bytes=[27]
2026-08-26T09:33:39.113013Z  WARN herdr::raw_input: flushing lone escape after input timeout; if this follows an alt chord or focus switch it may reach the pane as plain esc bytes=[27]
2026-08-26T09:35:00.342161Z  WARN herdr::raw_input: flushing lone escape after input timeout; if this follows an alt chord or focus switch it may reach the pane as plain esc bytes=[27]
2026-08-26T09:35:00.342585Z  WARN herdr::raw_input: flushing lone escape after input timeout; if this follows an alt chord or focus switch it may reach the pane as plain esc bytes=[27]
2026-08-26T09:35:29.786528Z  WARN herdr::raw_input: flushing lone escape after input timeout; if this follows an alt chord or focus switch it may reach the pane as plain esc bytes=[27]
2026-08-26T09:35:29.787118Z  WARN herdr::raw_input: flushing lone escape after input timeout; if this follows an alt chord or focus switch it may reach the pane as plain esc bytes=[27]
2026-08-26T09:35:56.439711Z  WARN herdr::raw_input: flushing lone escape after input timeout; if this follows an alt chord or focus switch it may reach the pane as plain esc bytes=[27]
2026-08-26T09:35:56.440966Z  WARN herdr::raw_input: flushing lone escape after input timeout; if this follows an alt chord or focus switch it may reach the pane as plain esc bytes=[27]
2026-08-26T10:27:22.634283Z  WARN herdr::raw_input: flushing lone escape after input timeout; if this follows an alt chord or focus switch it may reach the pane as plain esc bytes=[27]
2026-08-26T10:27:22.635193Z  WARN herdr::raw_input: flushing lone escape after input timeout; if this follows an alt chord or focus switch it may reach the pane as plain esc bytes=[27]
2026-08-26T10:27:22.687134Z  WARN herdr::raw_input: flushing lone escape after input timeout; if this follows an alt chord or focus switch it may reach the pane as plain esc bytes=[27]
2026-08-26T13:42:22.886392Z  WARN herdr::raw_input: flushing lone escape after input timeout; if this follows an alt chord or focus switch it may reach the pane as plain esc bytes=[27]
2026-08-26T13:42:22.887164Z  WARN herdr::raw_input: flushing lone escape after input timeout; if this follows an alt chord or focus switch it may reach the pane as plain esc bytes=[27]
2026-08-26T13:42:30.151975Z  WARN herdr::raw_input: flushing lone escape after input timeout; if this follows an alt chord or focus switch it may reach the pane as plain esc bytes=[27]
2026-08-26T13:42:30.152118Z  WARN herdr::raw_input: flushing lone escape after input timeout; if this follows an alt chord or focus switch it may reach the pane as plain esc bytes=[27]
2026-08-26T14:00:51.035758Z  WARN herdr::raw_input: flushing lone escape after input timeout; if this follows an alt chord or focus switch it may reach the pane as plain esc bytes=[27]
2026-08-26T14:00:51.038062Z  WARN herdr::raw_input: flushing lone escape after input timeout; if this follows an alt chord or focus switch it may reach the pane as plain esc bytes=[27]
2026-08-26T14:07:41.336077Z  WARN herdr::raw_input: flushing lone escape after input timeout; if this follows an alt chord or focus switch it may reach the pane as plain esc bytes=[27]
2026-08-26T14:07:41.337510Z  WARN herdr::raw_input: flushing lone escape after input timeout; if this follows an alt chord or focus switch it may reach the pane as plain esc bytes=[27]
2026-08-26T14:08:01.121650Z  WARN herdr::raw_input: flushing lone escape after input timeout; if this follows an alt chord or focus switch it may reach the pane as plain esc bytes=[27]
2026-08-26T14:08:01.123016Z  WARN herdr::raw_input: flushing lone escape after input timeout; if this follows an alt chord or focus switch it may reach the pane as plain esc bytes=[27]
2026-08-26T14:08:18.371437Z  WARN herdr::raw_input: flushing lone escape after input timeout; if this follows an alt chord or focus switch it may reach the pane as plain esc bytes=[27]
2026-08-26T14:08:18.372685Z  WARN herdr::raw_input: flushing lone escape after input timeout; if this follows an alt chord or focus switch it may reach the pane as plain esc bytes=[27]
2026-08-26T14:11:20.064246Z  WARN herdr::raw_input: flushing lone escape after input timeout; if this follows an alt chord or focus switch it may reach the pane as plain esc bytes=[27]
2026-08-26T14:11:20.064856Z  WARN herdr::raw_input: flushing lone escape after input timeout; if this follows an alt chord or focus switch it may reach the pane as plain esc bytes=[27]
2026-08-26T14:11:54.469804Z  WARN herdr::raw_input: flushing lone escape after input timeout; if this follows an alt chord or focus switch it may reach the pane as plain esc bytes=[27]
2026-08-26T14:11:54.471017Z  WARN herdr::raw_input: flushing lone escape after input timeout; if this follows an alt chord or focus switch it may reach the pane as plain esc bytes=[27]
2026-08-26T14:12:02.739538Z  WARN herdr::raw_input: flushing lone escape after input timeout; if this follows an alt chord or focus switch it may reach the pane as plain esc bytes=[27]
2026-08-26T14:12:02.740117Z  WARN herdr::raw_input: flushing lone escape after input timeout; if this follows an alt chord or focus switch it may reach the pane as plain esc bytes=[27]
2026-08-26T14:12:13.909374Z  WARN herdr::raw_input: flushing lone escape after input timeout; if this follows an alt chord or focus switch it may reach the pane as plain esc bytes=[27]
2026-08-26T14:12:13.909582Z  WARN herdr::raw_input: flushing lone escape after input timeout; if this follows an alt chord or focus switch it may reach the pane as plain esc bytes=[27]
2026-08-26T14:12:20.960708Z  WARN herdr::raw_input: flushing lone escape after input timeout; if this follows an alt chord or focus switch it may reach the pane as plain esc bytes=[27]
2026-08-26T14:12:20.961401Z  WARN herdr::raw_input: flushing lone escape after input timeout; if this follows an alt chord or focus switch it may reach the pane as plain esc bytes=[27]
2026-08-26T14:12:30.115574Z  WARN herdr::raw_input: flushing lone escape after input timeout; if this follows an alt chord or focus switch it may reach the pane as plain esc bytes=[27]
2026-08-26T14:12:30.116713Z  WARN herdr::raw_input: flushing lone escape after input timeout; if this follows an alt chord or focus switch it may reach the pane as plain esc bytes=[27]
2026-08-26T14:14:18.726721Z  WARN herdr::raw_input: flushing lone escape after input timeout; if this follows an alt chord or focus switch it may reach the pane as plain esc bytes=[27]
2026-08-26T14:14:18.727616Z  WARN herdr::raw_input: flushing lone escape after input timeout; if this follows an alt chord or focus switch it may reach the pane as plain esc bytes=[27]
2026-08-26T14:24:00.717794Z  WARN herdr::raw_input: flushing lone escape after input timeout; if this follows an alt chord or focus switch it may reach the pane as plain esc bytes=[27]
2026-08-26T14:24:00.719995Z  WARN herdr::raw_input: flushing lone escape after input timeout; if this follows an alt chord or focus switch it may reach the pane as plain esc bytes=[27]
2026-08-26T15:00:47.969126Z  WARN herdr::raw_input: flushing lone escape after input timeout; if this follows an alt chord or focus switch it may reach the pane as plain esc bytes=[27]
2026-08-26T15:00:47.970369Z  WARN herdr::raw_input: flushing lone escape after input timeout; if this follows an alt chord or focus switch it may reach the pane as plain esc bytes=[27]
2026-08-26T15:14:48.131729Z  WARN herdr::raw_input: flushing lone escape after input timeout; if this follows an alt chord or focus switch it may reach the pane as plain esc bytes=[27]
2026-08-26T15:14:48.133717Z  WARN herdr::raw_input: flushing lone escape after input timeout; if this follows an alt chord or focus switch it may reach the pane as plain esc bytes=[27]
2026-08-26T15:28:30.253764Z  WARN herdr::raw_input: flushing lone escape after input timeout; if this follows an alt chord or focus switch it may reach the pane as plain esc bytes=[27]
2026-08-26T15:28:30.254368Z  WARN herdr::raw_input: flushing lone escape after input timeout; if this follows an alt chord or focus switch it may reach the pane as plain esc bytes=[27]
2026-08-26T18:48:10.399124Z  WARN herdr::raw_input: flushing lone escape after input timeout; if this follows an alt chord or focus switch it may reach the pane as plain esc bytes=[27]
2026-08-26T18:48:10.400039Z  WARN herdr::raw_input: flushing lone escape after input timeout; if this follows an alt chord or focus switch it may reach the pane as plain esc bytes=[27]
2026-08-26T18:54:15.124359Z  WARN herdr::raw_input: flushing lone escape after input timeout; if this follows an alt chord or focus switch it may reach the pane as plain esc bytes=[27]
2026-08-26T18:54:15.126027Z  WARN herdr::raw_input: flushing lone escape after input timeout; if this follows an alt chord or focus switch it may reach the pane as plain esc bytes=[27]
2026-08-26T19:18:16.525585Z  WARN herdr::raw_input: flushing lone escape after input timeout; if this follows an alt chord or focus switch it may reach the pane as plain esc bytes=[27]
2026-08-26T19:18:16.526758Z  WARN herdr::raw_input: flushing lone escape after input timeout; if this follows an alt chord or focus switch it may reach the pane as plain esc bytes=[27]
2026-08-26T19:18:16.924038Z  WARN herdr::raw_input: flushing lone escape after input timeout; if this follows an alt chord or focus switch it may reach the pane as plain esc bytes=[27]
2026-08-26T19:18:16.924161Z  WARN herdr::raw_input: flushing lone escape after input timeout; if this follows an alt chord or focus switch it may reach the pane as plain esc bytes=[27]
2026-08-26T19:18:17.905037Z  WARN herdr::raw_input: flushing lone escape after input timeout; if this follows an alt chord or focus switch it may reach the pane as plain esc bytes=[27]
2026-08-26T19:18:17.905188Z  WARN herdr::raw_input: flushing lone escape after input timeout; if this follows an alt chord or focus switch it may reach the pane as plain esc bytes=[27]
2026-08-26T19:18:20.906935Z  WARN herdr::raw_input: flushing lone escape after input timeout; if this follows an alt chord or focus switch it may reach the pane as plain esc bytes=[27]
2026-08-26T19:18:20.907143Z  WARN herdr::raw_input: flushing lone escape after input timeout; if this follows an alt chord or focus switch it may reach the pane as plain esc bytes=[27]
2026-08-26T19:18:21.140922Z  WARN herdr::raw_input: flushing lone escape after input timeout; if this follows an alt chord or focus switch it may reach the pane as plain esc bytes=[27]
2026-08-26T19:18:21.141056Z  WARN herdr::raw_input: flushing lone escape after input timeout; if this follows an alt chord or focus switch it may reach the pane as plain esc bytes=[27]
2026-08-26T19:18:22.894182Z  WARN herdr::raw_input: flushing lone escape after input timeout; if this follows an alt chord or focus switch it may reach the pane as plain esc bytes=[27]
2026-08-26T19:18:22.894707Z  WARN herdr::raw_input: flushing lone escape after input timeout; if this follows an alt chord or focus switch it may reach the pane as plain esc bytes=[27]
2026-08-26T19:18:25.640556Z  WARN herdr::raw_input: flushing lone escape after input timeout; if this follows an alt chord or focus switch it may reach the pane as plain esc bytes=[27]
2026-08-26T19:18:25.640777Z  WARN herdr::raw_input: flushing lone escape after input timeout; if this follows an alt chord or focus switch it may reach the pane as plain esc bytes=[27]
2026-08-26T19:18:25.966441Z  WARN herdr::raw_input: flushing lone escape after input timeout; if this follows an alt chord or focus switch it may reach the pane as plain esc bytes=[27]
2026-08-26T19:18:25.966643Z  WARN herdr::raw_input: flushing lone escape after input timeout; if this follows an alt chord or focus switch it may reach the pane as plain esc bytes=[27]
2026-08-26T19:18:27.507362Z  WARN herdr::raw_input: flushing lone escape after input timeout; if this follows an alt chord or focus switch it may reach the pane as plain esc bytes=[27]
2026-08-26T19:18:27.507584Z  WARN herdr::raw_input: flushing lone escape after input timeout; if this follows an alt chord or focus switch it may reach the pane as plain esc bytes=[27]
2026-08-26T19:18:36.747888Z  WARN herdr::raw_input: flushing lone escape after input timeout; if this follows an alt chord or focus switch it may reach the pane as plain esc bytes=[27]
2026-08-26T19:18:36.748603Z  WARN herdr::raw_input: flushing lone escape after input timeout; if this follows an alt chord or focus switch it may reach the pane as plain esc bytes=[27]
2026-08-26T19:18:37.136145Z  WARN herdr::raw_input: flushing lone escape after input timeout; if this follows an alt chord or focus switch it may reach the pane as plain esc bytes=[27]
2026-08-26T19:18:37.136414Z  WARN herdr::raw_input: flushing lone escape after input timeout; if this follows an alt chord or focus switch it may reach the pane as plain esc bytes=[27]
2026-08-26T19:27:37.649629Z  WARN herdr::raw_input: flushing lone escape after input timeout; if this follows an alt chord or focus switch it may reach the pane as plain esc bytes=[27]
2026-08-26T19:27:37.650667Z  WARN herdr::raw_input: flushing lone escape after input timeout; if this follows an alt chord or focus switch it may reach the pane as plain esc bytes=[27]
2026-08-26T19:52:44.986197Z  WARN herdr::raw_input: flushing lone escape after input timeout; if this follows an alt chord or focus switch it may reach the pane as plain esc bytes=[27]
2026-08-26T19:52:44.987600Z  WARN herdr::raw_input: flushing lone escape after input timeout; if this follows an alt chord or focus switch it may reach the pane as plain esc bytes=[27]
2026-08-26T20:16:41.386371Z  WARN herdr::raw_input: flushing lone escape after input timeout; if this follows an alt chord or focus switch it may reach the pane as plain esc bytes=[27]
2026-08-26T20:16:41.387467Z  WARN herdr::raw_input: flushing lone escape after input timeout; if this follows an alt chord or focus switch it may reach the pane as plain esc bytes=[27]
2026-08-27T03:54:53.858941Z  WARN herdr::raw_input: flushing lone escape after input timeout; if this follows an alt chord or focus switch it may reach the pane as plain esc bytes=[27]
2026-08-27T03:54:53.860301Z  WARN herdr::raw_input: flushing lone escape after input timeout; if this follows an alt chord or focus switch it may reach the pane as plain esc bytes=[27]
2026-08-27T04:15:23.348661Z  WARN herdr::raw_input: flushing lone escape after input timeout; if this follows an alt chord or focus switch it may reach the pane as plain esc bytes=[27]
2026-08-27T04:15:23.350915Z  WARN herdr::raw_input: flushing lone escape after input timeout; if this follows an alt chord or focus switch it may reach the pane as plain esc bytes=[27]
2026-08-27T04:15:23.916345Z  WARN herdr::raw_input: flushing lone escape after input timeout; if this follows an alt chord or focus switch it may reach the pane as plain esc bytes=[27]
2026-08-27T04:15:23.916552Z  WARN herdr::raw_input: flushing lone escape after input timeout; if this follows an alt chord or focus switch it may reach the pane as plain esc bytes=[27]
2026-08-27T08:53:35.758718Z  WARN herdr::raw_input: flushing lone escape after input timeout; if this follows an alt chord or focus switch it may reach the pane as plain esc bytes=[27]
2026-08-27T08:53:35.956737Z  WARN herdr::raw_input: flushing lone escape after input timeout; if this follows an alt chord or focus switch it may reach the pane as plain esc bytes=[27]
2026-08-27T08:53:35.956807Z  WARN herdr::raw_input: flushing lone escape after input timeout; if this follows an alt chord or focus switch it may reach the pane as plain esc bytes=[27]
2026-08-27T09:57:05.505465Z  WARN herdr::raw_input: flushing lone escape after input timeout; if this follows an alt chord or focus switch it may reach the pane as plain esc bytes=[27]
2026-08-27T09:57:05.506770Z  WARN herdr::raw_input: flushing lone escape after input timeout; if this follows an alt chord or focus switch it may reach the pane as plain esc bytes=[27]
2026-08-27T10:25:24.025119Z  WARN herdr::raw_input: flushing lone escape after input timeout; if this follows an alt chord or focus switch it may reach the pane as plain esc bytes=[27]
2026-08-27T10:25:24.027241Z  WARN herdr::raw_input: flushing lone escape after input timeout; if this follows an alt chord or focus switch it may reach the pane as plain esc bytes=[27]
2026-08-27T10:25:46.791949Z  WARN herdr::raw_input: flushing lone escape after input timeout; if this follows an alt chord or focus switch it may reach the pane as plain esc bytes=[27]
2026-08-27T10:25:46.792868Z  WARN herdr::raw_input: flushing lone escape after input timeout; if this follows an alt chord or focus switch it may reach the pane as plain esc bytes=[27]
2026-08-27T10:35:36.883484Z  WARN herdr::raw_input: flushing lone escape after input timeout; if this follows an alt chord or focus switch it may reach the pane as plain esc bytes=[27]
2026-08-27T10:35:36.884628Z  WARN herdr::raw_input: flushing lone escape after input timeout; if this follows an alt chord or focus switch it may reach the pane as plain esc bytes=[27]
2026-08-27T10:36:18.250172Z  WARN herdr::raw_input: flushing lone escape after input timeout; if this follows an alt chord or focus switch it may reach the pane as plain esc bytes=[27]
2026-08-27T10:36:18.251512Z  WARN herdr::raw_input: flushing lone escape after input timeout; if this follows an alt chord or focus switch it may reach the pane as plain esc bytes=[27]
2026-08-27T11:22:02.441599Z  WARN herdr::raw_input: flushing lone escape after input timeout; if this follows an alt chord or focus switch it may reach the pane as plain esc bytes=[27]
2026-08-27T11:22:02.443151Z  WARN herdr::raw_input: flushing lone escape after input timeout; if this follows an alt chord or focus switch it may reach the pane as plain esc bytes=[27]
2026-08-27T11:59:02.047501Z  WARN herdr::raw_input: flushing lone escape after input timeout; if this follows an alt chord or focus switch it may reach the pane as plain esc bytes=[27]
2026-08-27T11:59:02.048125Z  WARN herdr::raw_input: flushing lone escape after input timeout; if this follows an alt chord or focus switch it may reach the pane as plain esc bytes=[27]
2026-08-27T11:59:02.258707Z  WARN herdr::raw_input: flushing lone escape after input timeout; if this follows an alt chord or focus switch it may reach the pane as plain esc bytes=[27]
2026-08-27T11:59:04.499651Z  WARN herdr::raw_input: flushing lone escape after input timeout; if this follows an alt chord or focus switch it may reach the pane as plain esc bytes=[27]
2026-08-27T11:59:04.499712Z  WARN herdr::raw_input: flushing lone escape after input timeout; if this follows an alt chord or focus switch it may reach the pane as plain esc bytes=[27]
2026-08-27T11:59:04.724827Z  WARN herdr::raw_input: flushing lone escape after input timeout; if this follows an alt chord or focus switch it may reach the pane as plain esc bytes=[27]
2026-08-27T11:59:04.724966Z  WARN herdr::raw_input: flushing lone escape after input timeout; if this follows an alt chord or focus switch it may reach the pane as plain esc bytes=[27]
2026-08-28T01:29:14.829499Z  INFO herdr::logging: herdr starting event="app.startup" subsystem="client" outcome="started" pid=7259
2026-08-28T01:29:14.829684Z  INFO herdr::client: connecting to server path=/Users/macos/.config/herdr/herdr-client.sock
2026-08-28T01:29:14.905428Z  INFO herdr::client: handshake succeeded version=19 encoding=SemanticFrame
2026-08-28T01:31:47.419349Z  WARN herdr::raw_input: flushing lone escape after input timeout; if this follows an alt chord or focus switch it may reach the pane as plain esc bytes=[27]
2026-08-28T01:31:47.420168Z  WARN herdr::raw_input: flushing lone escape after input timeout; if this follows an alt chord or focus switch it may reach the pane as plain esc bytes=[27]
2026-08-28T01:31:50.194291Z  WARN herdr::raw_input: flushing lone escape after input timeout; if this follows an alt chord or focus switch it may reach the pane as plain esc bytes=[27]
2026-08-28T01:31:50.194433Z  WARN herdr::raw_input: flushing lone escape after input timeout; if this follows an alt chord or focus switch it may reach the pane as plain esc bytes=[27]
2026-08-28T01:31:50.674390Z  WARN herdr::raw_input: flushing lone escape after input timeout; if this follows an alt chord or focus switch it may reach the pane as plain esc bytes=[27]
2026-08-28T01:31:50.674572Z  WARN herdr::raw_input: flushing lone escape after input timeout; if this follows an alt chord or focus switch it may reach the pane as plain esc bytes=[27]
2026-08-28T01:31:59.823527Z  WARN herdr::raw_input: flushing lone escape after input timeout; if this follows an alt chord or focus switch it may reach the pane as plain esc bytes=[27]
2026-08-28T01:31:59.823651Z  WARN herdr::raw_input: flushing lone escape after input timeout; if this follows an alt chord or focus switch it may reach the pane as plain esc bytes=[27]
2026-08-28T01:32:03.514805Z  WARN herdr::raw_input: flushing lone escape after input timeout; if this follows an alt chord or focus switch it may reach the pane as plain esc bytes=[27]
2026-08-28T01:32:03.514957Z  WARN herdr::raw_input: flushing lone escape after input timeout; if this follows an alt chord or focus switch it may reach the pane as plain esc bytes=[27]
2026-08-28T01:32:03.765766Z  WARN herdr::raw_input: flushing lone escape after input timeout; if this follows an alt chord or focus switch it may reach the pane as plain esc bytes=[27]
2026-08-28T01:32:03.765904Z  WARN herdr::raw_input: flushing lone escape after input timeout; if this follows an alt chord or focus switch it may reach the pane as plain esc bytes=[27]
2026-08-28T01:32:04.789244Z  WARN herdr::raw_input: flushing lone escape after input timeout; if this follows an alt chord or focus switch it may reach the pane as plain esc bytes=[27]
2026-08-28T01:32:04.789439Z  WARN herdr::raw_input: flushing lone escape after input timeout; if this follows an alt chord or focus switch it may reach the pane as plain esc bytes=[27]
2026-08-28T01:32:08.794471Z  WARN herdr::raw_input: flushing lone escape after input timeout; if this follows an alt chord or focus switch it may reach the pane as plain esc bytes=[27]
2026-08-28T01:32:08.794837Z  WARN herdr::raw_input: flushing lone escape after input timeout; if this follows an alt chord or focus switch it may reach the pane as plain esc bytes=[27]
2026-08-28T01:32:10.474549Z  WARN herdr::raw_input: flushing lone escape after input timeout; if this follows an alt chord or focus switch it may reach the pane as plain esc bytes=[27]
2026-08-28T01:32:10.474715Z  WARN herdr::raw_input: flushing lone escape after input timeout; if this follows an alt chord or focus switch it may reach the pane as plain esc bytes=[27]
2026-08-28T01:32:11.884775Z  WARN herdr::raw_input: flushing lone escape after input timeout; if this follows an alt chord or focus switch it may reach the pane as plain esc bytes=[27]
2026-08-28T01:32:11.884914Z  WARN herdr::raw_input: flushing lone escape after input timeout; if this follows an alt chord or focus switch it may reach the pane as plain esc bytes=[27]
2026-08-28T01:32:12.085760Z  WARN herdr::raw_input: flushing lone escape after input timeout; if this follows an alt chord or focus switch it may reach the pane as plain esc bytes=[27]
2026-08-28T01:32:12.085914Z  WARN herdr::raw_input: flushing lone escape after input timeout; if this follows an alt chord or focus switch it may reach the pane as plain esc bytes=[27]
2026-08-28T01:32:17.838160Z  WARN herdr::raw_input: flushing lone escape after input timeout; if this follows an alt chord or focus switch it may reach the pane as plain esc bytes=[27]
2026-08-28T01:32:17.838589Z  WARN herdr::raw_input: flushing lone escape after input timeout; if this follows an alt chord or focus switch it may reach the pane as plain esc bytes=[27]
2026-08-28T01:32:23.298570Z  WARN herdr::raw_input: flushing lone escape after input timeout; if this follows an alt chord or focus switch it may reach the pane as plain esc bytes=[27]
2026-08-28T01:32:23.298744Z  WARN herdr::raw_input: flushing lone escape after input timeout; if this follows an alt chord or focus switch it may reach the pane as plain esc bytes=[27]
2026-08-28T01:40:42.253759Z  WARN herdr::raw_input: flushing lone escape after input timeout; if this follows an alt chord or focus switch it may reach the pane as plain esc bytes=[27]
2026-08-28T01:40:42.254361Z  WARN herdr::raw_input: flushing lone escape after input timeout; if this follows an alt chord or focus switch it may reach the pane as plain esc bytes=[27]
2026-08-28T01:40:42.613943Z  WARN herdr::raw_input: flushing lone escape after input timeout; if this follows an alt chord or focus switch it may reach the pane as plain esc bytes=[27]
2026-08-28T01:40:42.614084Z  WARN herdr::raw_input: flushing lone escape after input timeout; if this follows an alt chord or focus switch it may reach the pane as plain esc bytes=[27]
2026-08-28T01:40:55.873492Z  WARN herdr::raw_input: flushing lone escape after input timeout; if this follows an alt chord or focus switch it may reach the pane as plain esc bytes=[27]
2026-08-28T01:40:55.873830Z  WARN herdr::raw_input: flushing lone escape after input timeout; if this follows an alt chord or focus switch it may reach the pane as plain esc bytes=[27]
2026-08-28T01:59:31.648434Z  WARN herdr::raw_input: flushing lone escape after input timeout; if this follows an alt chord or focus switch it may reach the pane as plain esc bytes=[27]
2026-08-28T01:59:31.648872Z  WARN herdr::raw_input: flushing lone escape after input timeout; if this follows an alt chord or focus switch it may reach the pane as plain esc bytes=[27]
2026-08-28T01:59:31.872198Z  WARN herdr::raw_input: flushing lone escape after input timeout; if this follows an alt chord or focus switch it may reach the pane as plain esc bytes=[27]
2026-08-28T01:59:31.872355Z  WARN herdr::raw_input: flushing lone escape after input timeout; if this follows an alt chord or focus switch it may reach the pane as plain esc bytes=[27]
2026-08-28T01:59:38.638742Z  WARN herdr::raw_input: flushing lone escape after input timeout; if this follows an alt chord or focus switch it may reach the pane as plain esc bytes=[27]
2026-08-28T01:59:38.638876Z  WARN herdr::raw_input: flushing lone escape after input timeout; if this follows an alt chord or focus switch it may reach the pane as plain esc bytes=[27]
2026-08-28T01:59:38.876736Z  WARN herdr::raw_input: flushing lone escape after input timeout; if this follows an alt chord or focus switch it may reach the pane as plain esc bytes=[27]
2026-08-28T01:59:38.876984Z  WARN herdr::raw_input: flushing lone escape after input timeout; if this follows an alt chord or focus switch it may reach the pane as plain esc bytes=[27]
2026-08-28T03:55:48.129229Z  WARN herdr::raw_input: flushing lone escape after input timeout; if this follows an alt chord or focus switch it may reach the pane as plain esc bytes=[27]
2026-08-28T03:55:48.130079Z  WARN herdr::raw_input: flushing lone escape after input timeout; if this follows an alt chord or focus switch it may reach the pane as plain esc bytes=[27]
2026-08-28T04:34:51.265017Z  WARN herdr::raw_input: flushing lone escape after input timeout; if this follows an alt chord or focus switch it may reach the pane as plain esc bytes=[27]
2026-08-28T04:34:51.267225Z  WARN herdr::raw_input: flushing lone escape after input timeout; if this follows an alt chord or focus switch it may reach the pane as plain esc bytes=[27]
2026-08-28T04:35:21.341607Z  WARN herdr::raw_input: flushing lone escape after input timeout; if this follows an alt chord or focus switch it may reach the pane as plain esc bytes=[27]
2026-08-28T04:35:21.342477Z  WARN herdr::raw_input: flushing lone escape after input timeout; if this follows an alt chord or focus switch it may reach the pane as plain esc bytes=[27]
2026-08-28T05:24:19.728267Z  WARN herdr::raw_input: flushing lone escape after input timeout; if this follows an alt chord or focus switch it may reach the pane as plain esc bytes=[27]
2026-08-28T05:24:19.728866Z  WARN herdr::raw_input: flushing lone escape after input timeout; if this follows an alt chord or focus switch it may reach the pane as plain esc bytes=[27]
2026-08-28T05:24:20.114660Z  WARN herdr::raw_input: flushing lone escape after input timeout; if this follows an alt chord or focus switch it may reach the pane as plain esc bytes=[27]
2026-08-28T05:24:20.114759Z  WARN herdr::raw_input: flushing lone escape after input timeout; if this follows an alt chord or focus switch it may reach the pane as plain esc bytes=[27]
2026-08-28T05:24:20.385111Z  WARN herdr::raw_input: flushing lone escape after input timeout; if this follows an alt chord or focus switch it may reach the pane as plain esc bytes=[27]
2026-08-28T05:24:20.385190Z  WARN herdr::raw_input: flushing lone escape after input timeout; if this follows an alt chord or focus switch it may reach the pane as plain esc bytes=[27]
2026-08-28T05:28:16.575410Z  WARN herdr::raw_input: flushing lone escape after input timeout; if this follows an alt chord or focus switch it may reach the pane as plain esc bytes=[27]
2026-08-28T05:28:16.576457Z  WARN herdr::raw_input: flushing lone escape after input timeout; if this follows an alt chord or focus switch it may reach the pane as plain esc bytes=[27]
2026-08-28T06:04:12.597077Z  WARN herdr::raw_input: flushing lone escape after input timeout; if this follows an alt chord or focus switch it may reach the pane as plain esc bytes=[27]
2026-08-28T06:04:12.598336Z  WARN herdr::raw_input: flushing lone escape after input timeout; if this follows an alt chord or focus switch it may reach the pane as plain esc bytes=[27]
2026-08-28T06:42:01.687754Z  WARN herdr::raw_input: flushing lone escape after input timeout; if this follows an alt chord or focus switch it may reach the pane as plain esc bytes=[27]
2026-08-28T06:42:01.688830Z  WARN herdr::raw_input: flushing lone escape after input timeout; if this follows an alt chord or focus switch it may reach the pane as plain esc bytes=[27]
2026-08-28T06:42:44.512574Z  WARN herdr::raw_input: flushing lone escape after input timeout; if this follows an alt chord or focus switch it may reach the pane as plain esc bytes=[27]
2026-08-28T06:42:44.513042Z  WARN herdr::raw_input: flushing lone escape after input timeout; if this follows an alt chord or focus switch it may reach the pane as plain esc bytes=[27]
2026-08-28T07:46:22.347223Z  WARN herdr::raw_input: flushing lone escape after input timeout; if this follows an alt chord or focus switch it may reach the pane as plain esc bytes=[27]
2026-08-28T07:47:02.171998Z  WARN herdr::raw_input: flushing lone escape after input timeout; if this follows an alt chord or focus switch it may reach the pane as plain esc bytes=[27]
2026-08-28T07:47:02.173693Z  WARN herdr::raw_input: flushing lone escape after input timeout; if this follows an alt chord or focus switch it may reach the pane as plain esc bytes=[27]
2026-08-28T07:47:18.555151Z  WARN herdr::raw_input: flushing lone escape after input timeout; if this follows an alt chord or focus switch it may reach the pane as plain esc bytes=[27]
2026-08-28T07:47:18.556576Z  WARN herdr::raw_input: flushing lone escape after input timeout; if this follows an alt chord or focus switch it may reach the pane as plain esc bytes=[27]
2026-08-28T08:06:33.612120Z  WARN herdr::raw_input: flushing lone escape after input timeout; if this follows an alt chord or focus switch it may reach the pane as plain esc bytes=[27]
2026-08-28T08:06:33.613394Z  WARN herdr::raw_input: flushing lone escape after input timeout; if this follows an alt chord or focus switch it may reach the pane as plain esc bytes=[27]
2026-08-28T08:06:35.167090Z  WARN herdr::raw_input: flushing lone escape after input timeout; if this follows an alt chord or focus switch it may reach the pane as plain esc bytes=[27]
2026-08-28T08:06:35.167158Z  WARN herdr::raw_input: flushing lone escape after input timeout; if this follows an alt chord or focus switch it may reach the pane as plain esc bytes=[27]
2026-08-28T08:16:50.896235Z  WARN herdr::raw_input: flushing lone escape after input timeout; if this follows an alt chord or focus switch it may reach the pane as plain esc bytes=[27]
2026-08-28T08:16:50.897922Z  WARN herdr::raw_input: flushing lone escape after input timeout; if this follows an alt chord or focus switch it may reach the pane as plain esc bytes=[27]
2026-08-28T08:26:49.237611Z  WARN herdr::raw_input: flushing lone escape after input timeout; if this follows an alt chord or focus switch it may reach the pane as plain esc bytes=[27]
2026-08-28T08:26:49.237948Z  WARN herdr::raw_input: flushing lone escape after input timeout; if this follows an alt chord or focus switch it may reach the pane as plain esc bytes=[27]
2026-08-28T08:26:49.556417Z  WARN herdr::raw_input: flushing lone escape after input timeout; if this follows an alt chord or focus switch it may reach the pane as plain esc bytes=[27]
2026-08-28T08:26:49.556744Z  WARN herdr::raw_input: flushing lone escape after input timeout; if this follows an alt chord or focus switch it may reach the pane as plain esc bytes=[27]
2026-08-28T08:28:07.264167Z  WARN herdr::raw_input: flushing lone escape after input timeout; if this follows an alt chord or focus switch it may reach the pane as plain esc bytes=[27]
2026-08-28T08:28:07.265768Z  WARN herdr::raw_input: flushing lone escape after input timeout; if this follows an alt chord or focus switch it may reach the pane as plain esc bytes=[27]
2026-08-28T08:28:14.674981Z  WARN herdr::raw_input: flushing lone escape after input timeout; if this follows an alt chord or focus switch it may reach the pane as plain esc bytes=[27]
2026-08-28T08:28:14.675230Z  WARN herdr::raw_input: flushing lone escape after input timeout; if this follows an alt chord or focus switch it may reach the pane as plain esc bytes=[27]
2026-08-28T08:35:34.620330Z  WARN herdr::raw_input: flushing lone escape after input timeout; if this follows an alt chord or focus switch it may reach the pane as plain esc bytes=[27]
2026-08-28T08:35:34.621226Z  WARN herdr::raw_input: flushing lone escape after input timeout; if this follows an alt chord or focus switch it may reach the pane as plain esc bytes=[27]
2026-08-28T08:41:16.273234Z  WARN herdr::raw_input: flushing lone escape after input timeout; if this follows an alt chord or focus switch it may reach the pane as plain esc bytes=[27]
2026-08-28T08:41:16.275094Z  WARN herdr::raw_input: flushing lone escape after input timeout; if this follows an alt chord or focus switch it may reach the pane as plain esc bytes=[27]
2026-08-28T09:43:17.664982Z  WARN herdr::sound: sound playback failed sound=Done err=player exited with exit status: 1: Error: AudioQueueStart failed (-66681)
2026-08-28T13:34:33.003059Z  WARN herdr::raw_input: flushing lone escape after input timeout; if this follows an alt chord or focus switch it may reach the pane as plain esc bytes=[27]
2026-08-28T13:34:33.005432Z  WARN herdr::raw_input: flushing lone escape after input timeout; if this follows an alt chord or focus switch it may reach the pane as plain esc bytes=[27]
2026-08-28T13:34:35.209548Z  WARN herdr::raw_input: flushing lone escape after input timeout; if this follows an alt chord or focus switch it may reach the pane as plain esc bytes=[27]
2026-08-28T13:34:35.209797Z  WARN herdr::raw_input: flushing lone escape after input timeout; if this follows an alt chord or focus switch it may reach the pane as plain esc bytes=[27]
2026-08-30T00:08:18.918537Z  WARN herdr::sound: sound playback failed sound=Done err=player exited with exit status: 1: Error: AudioQueueStart failed (-66681)
2026-08-30T00:08:18.960123Z  WARN herdr::sound: sound playback failed sound=Request err=player exited with exit status: 1: Error: AudioQueueStart failed (-66681)
2026-08-30T13:34:39.429673Z  WARN herdr::raw_input: flushing lone escape after input timeout; if this follows an alt chord or focus switch it may reach the pane as plain esc bytes=[27]
2026-08-30T13:34:39.432728Z  WARN herdr::raw_input: flushing lone escape after input timeout; if this follows an alt chord or focus switch it may reach the pane as plain esc bytes=[27]
2026-08-30T13:34:43.011578Z  WARN herdr::raw_input: flushing lone escape after input timeout; if this follows an alt chord or focus switch it may reach the pane as plain esc bytes=[27]
2026-08-30T13:34:43.011718Z  WARN herdr::raw_input: flushing lone escape after input timeout; if this follows an alt chord or focus switch it may reach the pane as plain esc bytes=[27]
2026-08-30T13:34:51.579011Z  WARN herdr::raw_input: flushing lone escape after input timeout; if this follows an alt chord or focus switch it may reach the pane as plain esc bytes=[27]
2026-08-30T13:34:51.579505Z  WARN herdr::raw_input: flushing lone escape after input timeout; if this follows an alt chord or focus switch it may reach the pane as plain esc bytes=[27]
2026-08-30T13:34:52.730121Z  WARN herdr::raw_input: flushing lone escape after input timeout; if this follows an alt chord or focus switch it may reach the pane as plain esc bytes=[27]
2026-08-30T13:34:52.730198Z  WARN herdr::raw_input: flushing lone escape after input timeout; if this follows an alt chord or focus switch it may reach the pane as plain esc bytes=[27]
2026-08-30T13:34:53.248337Z  WARN herdr::raw_input: flushing lone escape after input timeout; if this follows an alt chord or focus switch it may reach the pane as plain esc bytes=[27]
2026-08-30T13:34:53.248500Z  WARN herdr::raw_input: flushing lone escape after input timeout; if this follows an alt chord or focus switch it may reach the pane as plain esc bytes=[27]
2026-08-30T13:34:53.780561Z  WARN herdr::raw_input: flushing lone escape after input timeout; if this follows an alt chord or focus switch it may reach the pane as plain esc bytes=[27]
2026-08-30T13:34:53.780700Z  WARN herdr::raw_input: flushing lone escape after input timeout; if this follows an alt chord or focus switch it may reach the pane as plain esc bytes=[27]
2026-08-30T13:34:54.929035Z  WARN herdr::raw_input: flushing lone escape after input timeout; if this follows an alt chord or focus switch it may reach the pane as plain esc bytes=[27]
2026-08-30T13:34:54.929148Z  WARN herdr::raw_input: flushing lone escape after input timeout; if this follows an alt chord or focus switch it may reach the pane as plain esc bytes=[27]
2026-08-30T13:35:11.214090Z  WARN herdr::raw_input: flushing lone escape after input timeout; if this follows an alt chord or focus switch it may reach the pane as plain esc bytes=[27]
2026-08-30T13:35:11.214646Z  WARN herdr::raw_input: flushing lone escape after input timeout; if this follows an alt chord or focus switch it may reach the pane as plain esc bytes=[27]
